,week,match,w/l,pts,fg%,fg2m,fg2a,fg2%,fg3m,fg3a,fg3%,ftm,fta,ft%,dr,or,tr,ass,st,to,blk,blk_ag,fp,fd,val,team_name,match_link,team_id,season
0,1,Široki-Borac BL,L,68.0,37.3,21.0,48.0,43.8,4.0,19.0,21.1,14.0,23.0,60.9,21.0,11.0,32.0,11.0,3.0,13.0,1.0,2.0,24.0,23.0,48.0,HKK Široki TT Kabeli,/match/6/22/2/Boxscore/q1/1/home/siroki-tt-kabeli-borac-wwin/,6,2022/2023
1,2,Helios-Široki,L,75.0,50.0,23.0,39.0,59.0,7.0,21.0,33.3,8.0,15.0,53.3,15.0,7.0,22.0,17.0,16.0,22.0,1.0,3.0,21.0,21.0,69.0,HKK Široki TT Kabeli,/match/10/22/2/Boxscore/q1/1/home/kansai-helios-domzale-siroki-tt-kabeli/,6,2022/2023
2,3,Široki-Pelister,W,83.0,60.0,24.0,30.0,80.0,9.0,25.0,36.0,8.0,14.0,57.1,26.0,7.0,33.0,16.0,10.0,21.0,1.0,0.0,21.0,22.0,95.0,HKK Široki TT Kabeli,/match/19/22/2/Boxscore/q1/1/home/siroki-tt-kabeli-pelister-bitola/,6,2022/2023
3,4,Sutjeska-Široki,W,67.0,43.4,18.0,34.0,52.9,5.0,19.0,26.3,16.0,18.0,88.9,18.0,11.0,29.0,13.0,4.0,14.0,4.0,1.0,20.0,21.0,71.0,HKK Široki TT Kabeli,/match/25/22/2/Boxscore/q1/1/home/sutjeska-elektroprivreda-siroki-tt-kabeli/,6,2022/2023
4,5,Široki-Zlatibor,W,85.0,46.8,23.0,41.0,56.1,6.0,21.0,28.6,21.0,23.0,91.3,17.0,13.0,30.0,11.0,6.0,10.0,0.0,1.0,22.0,18.0,82.0,HKK Široki TT Kabeli,/match/32/22/2/Boxscore/q1/1/home/siroki-tt-kabeli-zlatibor-mozzart/,6,2022/2023
5,6,Krka-Široki,W,79.0,47.4,20.0,32.0,62.5,7.0,25.0,28.0,18.0,19.0,94.7,22.0,5.0,27.0,10.0,8.0,12.0,1.0,1.0,23.0,23.0,81.0,HKK Široki TT Kabeli,/match/40/22/2/Boxscore/q1/1/home/krka-siroki-tt-kabeli/,6,2022/2023
6,7,Široki-Sloga,L,83.0,44.3,18.0,39.0,46.2,9.0,22.0,40.9,20.0,26.0,76.9,25.0,17.0,42.0,14.0,7.0,19.0,3.0,4.0,23.0,24.0,87.0,HKK Široki TT Kabeli,/match/45/22/2/Boxscore/q1/1/home/siroki-tt-kabeli-sloga/,6,2022/2023
7,8,Podgorica-Široki,L,62.0,33.3,13.0,34.0,38.2,6.0,23.0,26.1,18.0,27.0,66.7,21.0,12.0,33.0,12.0,7.0,13.0,1.0,1.0,23.0,28.0,59.0,HKK Široki TT Kabeli,/match/55/22/2/Boxscore/q1/1/home/podgorica-bemax-siroki-tt-kabeli/,6,2022/2023
8,9,Široki-TFT,W,81.0,44.1,25.0,48.0,52.1,5.0,20.0,25.0,16.0,21.0,76.2,23.0,18.0,41.0,14.0,13.0,16.0,2.0,5.0,22.0,22.0,87.0,HKK Široki TT Kabeli,/match/58/22/2/Boxscore/q1/1/home/siroki-tt-kabeli-tft-mozzart-skopje/,6,2022/2023
9,10,GGD Šenčur-Široki,W,73.0,40.3,21.0,50.0,42.0,4.0,12.0,33.3,19.0,28.0,67.9,28.0,18.0,46.0,15.0,7.0,6.0,3.0,6.0,19.0,25.0,92.0,HKK Široki TT Kabeli,/match/70/22/2/Boxscore/q1/1/home/ggd-sencur-siroki-tt-kabeli/,6,2022/2023
10,11,Široki-Spars,W,81.0,52.4,27.0,44.0,61.4,6.0,19.0,31.6,9.0,15.0,60.0,29.0,8.0,37.0,24.0,6.0,10.0,3.0,1.0,22.0,18.0,100.0,HKK Široki TT Kabeli,/match/71/22/2/Boxscore/q1/1/home/siroki-tt-kabeli-spars/,6,2022/2023
11,12,Široki-Vr. Osijek,W,83.0,52.2,30.0,51.0,58.8,5.0,16.0,31.3,8.0,11.0,72.7,25.0,13.0,38.0,14.0,8.0,8.0,6.0,1.0,18.0,17.0,104.0,HKK Široki TT Kabeli,/match/84/22/2/Boxscore/q1/1/home/siroki-tt-kabeli-vrijednosnice-osijek/,6,2022/2023
12,13,Gorica-Široki,W,88.0,60.4,23.0,31.0,74.2,9.0,22.0,40.9,15.0,28.0,53.6,25.0,9.0,34.0,26.0,5.0,9.0,3.0,0.0,19.0,24.0,118.0,HKK Široki TT Kabeli,/match/86/22/2/Boxscore/q1/1/home/gorica-siroki-tt-kabeli/,6,2022/2023
13,14,Borac BL-Široki,W,80.0,45.6,22.0,43.0,51.2,9.0,25.0,36.0,9.0,13.0,69.2,17.0,9.0,26.0,18.0,7.0,10.0,1.0,5.0,26.0,22.0,72.0,HKK Široki TT Kabeli,/match/95/22/2/Boxscore/q1/1/home/borac-wwin-siroki-tt-kabeli/,6,2022/2023
14,15,Helios-Široki,L,79.0,45.2,19.0,37.0,51.4,9.0,25.0,36.0,14.0,20.0,70.0,22.0,5.0,27.0,13.0,6.0,13.0,1.0,4.0,31.0,21.0,59.0,HKK Široki TT Kabeli,/match/97/22/2/Boxscore/q1/1/home/kansai-helios-domzale-siroki-tt-kabeli/,6,2022/2023
15,1,Krka-Spars,W,101.0,55.7,28.0,49.0,57.1,11.0,21.0,52.4,12.0,16.0,75.0,19.0,13.0,32.0,20.0,11.0,11.0,0.0,0.0,23.0,20.0,115.0,KK Krka,/match/1/22/2/Boxscore/q1/1/home/krka-spars/,10,2022/2023
16,2,Krka-Sloga,W,73.0,48.3,22.0,36.0,61.1,6.0,22.0,27.3,11.0,16.0,68.8,30.0,8.0,38.0,17.0,3.0,15.0,0.0,1.0,19.0,21.0,82.0,KK Krka,/match/14/22/2/Boxscore/q1/1/home/krka-sloga/,10,2022/2023
17,3,Podgorica-Krka,W,72.0,45.3,15.0,29.0,51.7,9.0,24.0,37.5,15.0,17.0,88.2,29.0,9.0,38.0,7.0,9.0,15.0,2.0,0.0,19.0,19.0,82.0,KK Krka,/match/16/22/2/Boxscore/q1/1/home/podgorica-bemax-krka/,10,2022/2023
18,4,Krka-TFT,W,93.0,58.7,26.0,37.0,70.3,11.0,26.0,42.3,8.0,11.0,72.7,31.0,7.0,38.0,18.0,3.0,17.0,1.0,3.0,16.0,15.0,103.0,KK Krka,/match/27/22/2/Boxscore/q1/1/home/krka-tft-mozzart-skopje/,10,2022/2023
19,5,GGD Šenčur-Krka,W,66.0,36.5,12.0,27.0,44.4,7.0,25.0,28.0,21.0,29.0,72.4,23.0,7.0,30.0,11.0,11.0,12.0,2.0,2.0,21.0,26.0,70.0,KK Krka,/match/31/22/2/Boxscore/q1/1/home/ggd-sencur-krka/,10,2022/2023
20,6,Krka-Široki,L,71.0,43.6,16.0,32.0,50.0,8.0,23.0,34.8,15.0,21.0,71.4,24.0,10.0,34.0,16.0,5.0,18.0,1.0,1.0,24.0,23.0,70.0,KK Krka,/match/40/22/2/Boxscore/q1/1/home/krka-siroki-tt-kabeli/,10,2022/2023
21,7,Vr. Osijek-Krka,W,92.0,42.9,18.0,38.0,47.4,9.0,25.0,36.0,29.0,35.0,82.9,22.0,9.0,31.0,18.0,6.0,10.0,4.0,2.0,20.0,27.0,104.0,KK Krka,/match/46/22/2/Boxscore/q1/1/home/vrijednosnice-osijek-krka/,10,2022/2023
22,8,Krka-Gorica,W,101.0,55.9,27.0,41.0,65.9,11.0,27.0,40.7,14.0,20.0,70.0,29.0,8.0,37.0,22.0,13.0,13.0,3.0,1.0,17.0,21.0,130.0,KK Krka,/match/53/22/2/Boxscore/q1/1/home/krka-gorica/,10,2022/2023
23,9,Borac BL-Krka,L,72.0,47.5,21.0,31.0,67.7,7.0,28.0,25.0,9.0,13.0,69.2,17.0,8.0,25.0,13.0,4.0,10.0,1.0,2.0,23.0,19.0,64.0,KK Krka,/match/61/22/2/Boxscore/q1/1/home/borac-wwin-krka/,10,2022/2023
24,10,Krka-Helios,L,77.0,47.0,27.0,49.0,55.1,4.0,17.0,23.5,11.0,19.0,57.9,24.0,13.0,37.0,17.0,7.0,12.0,1.0,0.0,24.0,19.0,79.0,KK Krka,/match/66/22/2/Boxscore/q1/1/home/krka-kansai-helios-domzale/,10,2022/2023
25,11,Pelister-Krka,W,102.0,56.9,29.0,40.0,72.5,8.0,25.0,32.0,20.0,23.0,87.0,19.0,11.0,30.0,29.0,11.0,12.0,3.0,2.0,18.0,22.0,134.0,KK Krka,/match/76/22/2/Boxscore/q1/1/home/pelister-bitola-krka/,10,2022/2023
26,12,Krka-Sutjeska,W,88.0,51.9,12.0,25.0,48.0,16.0,29.0,55.2,16.0,24.0,66.7,32.0,7.0,39.0,22.0,7.0,13.0,1.0,4.0,24.0,23.0,105.0,KK Krka,/match/79/22/2/Boxscore/q1/1/home/krka-sutjeska-elektroprivreda/,10,2022/2023
27,13,Zlatibor-Krka,W,106.0,59.7,28.0,39.0,71.8,12.0,28.0,42.9,14.0,18.0,77.8,26.0,6.0,32.0,22.0,7.0,7.0,3.0,0.0,19.0,16.0,129.0,KK Krka,/match/91/22/2/Boxscore/q1/1/home/zlatibor-mozzart-krka/,10,2022/2023
28,14,Krka-Sutjeska,W,91.0,47.6,16.0,25.0,64.0,14.0,38.0,36.8,17.0,28.0,60.7,24.0,9.0,33.0,17.0,2.0,8.0,0.0,2.0,24.0,31.0,96.0,KK Krka,/match/93/22/2/Boxscore/q1/1/home/krka-sutjeska-elektroprivreda/,10,2022/2023
29,15,Krka-Podgorica,W,86.0,55.6,22.0,34.0,64.7,8.0,20.0,40.0,18.0,25.0,72.0,23.0,7.0,30.0,16.0,3.0,9.0,0.0,5.0,19.0,23.0,94.0,KK Krka,/match/96/22/2/Boxscore/q1/1/home/krka-podgorica-bemax/,10,2022/2023
30,16,Helios-Krka,W,83.0,44.4,22.0,44.0,50.0,6.0,19.0,31.6,21.0,21.0,100.0,19.0,17.0,36.0,11.0,7.0,14.0,1.0,2.0,24.0,21.0,84.0,KK Krka,/match/98/22/2/Boxscore/q1/1/home/kansai-helios-domzale-krka/,10,2022/2023
31,1,GGD Šenčur-Helios,W,89.0,53.4,26.0,41.0,63.4,5.0,17.0,29.4,22.0,30.0,73.3,26.0,5.0,31.0,21.0,7.0,12.0,4.0,3.0,11.0,22.0,113.0,KK Kansai Helios Domžale,/match/5/22/2/Boxscore/q1/1/home/ggd-sencur-kansai-helios-domzale/,20,2022/2023
32,2,Helios-Široki,W,94.0,59.3,23.0,28.0,82.1,9.0,26.0,34.6,21.0,25.0,84.0,24.0,4.0,28.0,24.0,13.0,21.0,3.0,1.0,21.0,21.0,114.0,KK Kansai Helios Domžale,/match/10/22/2/Boxscore/q1/1/home/kansai-helios-domzale-siroki-tt-kabeli/,20,2022/2023
33,3,Vr. Osijek-Helios,W,107.0,55.6,28.0,35.0,80.0,12.0,37.0,32.4,15.0,18.0,83.3,24.0,13.0,37.0,19.0,8.0,9.0,0.0,0.0,17.0,18.0,128.0,KK Kansai Helios Domžale,/match/20/22/2/Boxscore/q1/1/home/vrijednosnice-osijek-kansai-helios-domzale/,20,2022/2023
34,4,Helios-Gorica,W,100.0,64.8,19.0,27.0,70.4,16.0,27.0,59.3,14.0,22.0,63.6,26.0,5.0,31.0,26.0,11.0,14.0,2.0,0.0,18.0,25.0,136.0,KK Kansai Helios Domžale,/match/23/22/2/Boxscore/q1/1/home/kansai-helios-domzale-gorica/,20,2022/2023
35,5,Borac BL-Helios,W,91.0,54.7,27.0,40.0,67.5,8.0,24.0,33.3,13.0,14.0,92.9,22.0,9.0,31.0,13.0,9.0,13.0,1.0,2.0,16.0,21.0,105.0,KK Kansai Helios Domžale,/match/35/22/2/Boxscore/q1/1/home/borac-wwin-kansai-helios-domzale/,20,2022/2023
36,6,Spars-Helios,W,86.0,50.7,22.0,37.0,59.5,12.0,30.0,40.0,6.0,15.0,40.0,23.0,14.0,37.0,27.0,8.0,13.0,2.0,3.0,13.0,19.0,108.0,KK Kansai Helios Domžale,/match/36/22/2/Boxscore/q1/1/home/spars-kansai-helios-domzale/,20,2022/2023
37,7,Helios-Pelister,W,88.0,48.4,22.0,36.0,61.1,8.0,26.0,30.8,20.0,28.0,71.4,24.0,9.0,33.0,20.0,10.0,9.0,1.0,2.0,20.0,26.0,107.0,KK Kansai Helios Domžale,/match/49/22/2/Boxscore/q1/1/home/kansai-helios-domzale-pelister-bitola/,20,2022/2023
38,8,Sutjeska-Helios,W,74.0,42.4,20.0,39.0,51.3,5.0,20.0,25.0,19.0,23.0,82.6,22.0,10.0,32.0,15.0,3.0,9.0,4.0,3.0,15.0,25.0,88.0,KK Kansai Helios Domžale,/match/51/22/2/Boxscore/q1/1/home/sutjeska-elektroprivreda-kansai-helios-domzale/,20,2022/2023
39,9,Helios-Zlatibor,W,93.0,50.8,20.0,34.0,58.8,13.0,31.0,41.9,14.0,20.0,70.0,26.0,6.0,32.0,23.0,8.0,10.0,2.0,1.0,20.0,22.0,111.0,KK Kansai Helios Domžale,/match/62/22/2/Boxscore/q1/1/home/kansai-helios-domzale-zlatibor-mozzart/,20,2022/2023
40,10,Krka-Helios,W,84.0,47.5,17.0,32.0,53.1,11.0,27.0,40.7,17.0,26.0,65.4,23.0,7.0,30.0,24.0,7.0,9.0,0.0,1.0,19.0,23.0,99.0,KK Kansai Helios Domžale,/match/66/22/2/Boxscore/q1/1/home/krka-kansai-helios-domzale/,20,2022/2023
41,11,Helios-Sloga,W,85.0,51.6,24.0,40.0,60.0,9.0,24.0,37.5,10.0,15.0,66.7,28.0,10.0,38.0,23.0,11.0,14.0,3.0,0.0,15.0,18.0,113.0,KK Kansai Helios Domžale,/match/75/22/2/Boxscore/q1/1/home/kansai-helios-domzale-sloga/,20,2022/2023
42,12,Podgorica-Helios,L,70.0,46.4,19.0,26.0,73.1,7.0,30.0,23.3,11.0,16.0,68.8,20.0,8.0,28.0,9.0,7.0,12.0,2.0,1.0,18.0,16.0,66.0,KK Kansai Helios Domžale,/match/81/22/2/Boxscore/q1/1/home/podgorica-bemax-kansai-helios-domzale/,20,2022/2023
43,13,Helios-TFT,W,93.0,61.7,27.0,35.0,77.1,10.0,25.0,40.0,9.0,15.0,60.0,25.0,7.0,32.0,30.0,11.0,12.0,3.0,2.0,13.0,20.0,133.0,KK Kansai Helios Domžale,/match/88/22/2/Boxscore/q1/1/home/kansai-helios-domzale-tft-mozzart-skopje/,20,2022/2023
44,14,Helios-Pelister,W,101.0,69.1,25.0,29.0,86.2,13.0,26.0,50.0,12.0,15.0,80.0,25.0,4.0,29.0,28.0,10.0,13.0,5.0,0.0,19.0,22.0,143.0,KK Kansai Helios Domžale,/match/92/22/2/Boxscore/q1/1/home/kansai-helios-domzale-pelister-bitola/,20,2022/2023
45,15,Helios-Široki,W,91.0,50.0,15.0,27.0,55.6,12.0,27.0,44.4,25.0,31.0,80.6,22.0,7.0,29.0,20.0,4.0,13.0,4.0,1.0,21.0,29.0,109.0,KK Kansai Helios Domžale,/match/97/22/2/Boxscore/q1/1/home/kansai-helios-domzale-siroki-tt-kabeli/,20,2022/2023
46,16,Helios-Krka,L,82.0,47.5,20.0,34.0,58.8,9.0,27.0,33.3,15.0,18.0,83.3,16.0,7.0,23.0,24.0,9.0,10.0,2.0,1.0,21.0,24.0,97.0,KK Kansai Helios Domžale,/match/98/22/2/Boxscore/q1/1/home/kansai-helios-domzale-krka/,20,2022/2023
47,1,Podgorica-Sutjeska,W,64.0,37.7,18.0,34.0,52.9,2.0,19.0,10.5,22.0,30.0,73.3,29.0,7.0,36.0,13.0,5.0,16.0,1.0,2.0,29.0,30.0,61.0,KK Sutjeska Elektroprivreda,/match/3/22/2/Boxscore/q1/1/home/podgorica-bemax-sutjeska-elektroprivreda/,37,2022/2023
48,2,Sutjeska-TFT,W,99.0,54.8,36.0,53.0,67.9,4.0,20.0,20.0,15.0,23.0,65.2,32.0,10.0,42.0,31.0,7.0,11.0,2.0,1.0,17.0,25.0,136.0,KK Sutjeska Elektroprivreda,/match/12/22/2/Boxscore/q1/1/home/sutjeska-elektroprivreda-tft-mozzart-skopje/,37,2022/2023
49,3,GGD Šenčur-Sutjeska,W,70.0,43.9,20.0,42.0,47.6,5.0,15.0,33.3,15.0,29.0,51.7,22.0,7.0,29.0,14.0,6.0,14.0,0.0,3.0,24.0,27.0,59.0,KK Sutjeska Elektroprivreda,/match/18/22/2/Boxscore/q1/1/home/ggd-sencur-sutjeska-elektroprivreda/,37,2022/2023
50,4,Sutjeska-Široki,L,62.0,46.3,21.0,35.0,60.0,4.0,19.0,21.1,8.0,13.0,61.5,16.0,11.0,27.0,15.0,7.0,15.0,1.0,4.0,21.0,20.0,58.0,KK Sutjeska Elektroprivreda,/match/25/22/2/Boxscore/q1/1/home/sutjeska-elektroprivreda-siroki-tt-kabeli/,37,2022/2023
51,5,Vr. Osijek-Sutjeska,W,73.0,45.8,20.0,38.0,52.6,7.0,21.0,33.3,12.0,23.0,52.2,24.0,15.0,39.0,12.0,8.0,17.0,1.0,0.0,22.0,18.0,69.0,KK Sutjeska Elektroprivreda,/match/33/22/2/Boxscore/q1/1/home/vrijednosnice-osijek-sutjeska-elektroprivreda/,37,2022/2023
52,6,Sutjeska-Gorica,W,84.0,50.9,25.0,42.0,59.5,3.0,13.0,23.1,25.0,36.0,69.4,23.0,11.0,34.0,20.0,8.0,17.0,4.0,1.0,30.0,29.0,93.0,KK Sutjeska Elektroprivreda,/match/38/22/2/Boxscore/q1/1/home/sutjeska-elektroprivreda-gorica/,37,2022/2023
53,7,Borac BL-Sutjeska,W,80.0,50.0,25.0,44.0,56.8,6.0,18.0,33.3,12.0,22.0,54.5,23.0,10.0,33.0,16.0,6.0,9.0,1.0,0.0,23.0,17.0,80.0,KK Sutjeska Elektroprivreda,/match/48/22/2/Boxscore/q1/1/home/borac-wwin-sutjeska-elektroprivreda/,37,2022/2023
54,8,Sutjeska-Helios,L,66.0,38.2,23.0,50.0,46.0,3.0,18.0,16.7,11.0,12.0,91.7,20.0,15.0,35.0,12.0,7.0,10.0,3.0,4.0,25.0,15.0,56.0,KK Sutjeska Elektroprivreda,/match/51/22/2/Boxscore/q1/1/home/sutjeska-elektroprivreda-kansai-helios-domzale/,37,2022/2023
55,9,Pelister-Sutjeska,L,75.0,39.7,20.0,47.0,42.6,7.0,21.0,33.3,14.0,20.0,70.0,27.0,8.0,35.0,23.0,7.0,11.0,4.0,6.0,23.0,23.0,80.0,KK Sutjeska Elektroprivreda,/match/63/22/2/Boxscore/q1/1/home/pelister-bitola-sutjeska-elektroprivreda/,37,2022/2023
56,10,Spars-Sutjeska,W,92.0,52.9,29.0,41.0,70.7,8.0,29.0,27.6,10.0,15.0,66.7,29.0,13.0,42.0,26.0,8.0,9.0,2.0,0.0,20.0,20.0,123.0,KK Sutjeska Elektroprivreda,/match/64/22/2/Boxscore/q1/1/home/spars-sutjeska-elektroprivreda/,37,2022/2023
57,11,Sutjeska-Zlatibor,L,78.0,46.2,27.0,48.0,56.3,3.0,17.0,17.6,15.0,19.0,78.9,21.0,5.0,26.0,15.0,9.0,6.0,5.0,4.0,26.0,20.0,78.0,KK Sutjeska Elektroprivreda,/match/77/22/2/Boxscore/q1/1/home/sutjeska-elektroprivreda-zlatibor-mozzart/,37,2022/2023
58,12,Krka-Sutjeska,L,63.0,35.5,17.0,33.0,51.5,5.0,29.0,17.2,14.0,21.0,66.7,21.0,7.0,28.0,15.0,8.0,9.0,4.0,1.0,23.0,24.0,62.0,KK Sutjeska Elektroprivreda,/match/79/22/2/Boxscore/q1/1/home/krka-sutjeska-elektroprivreda/,37,2022/2023
59,13,Sutjeska-Sloga,W,77.0,44.9,23.0,40.0,57.5,8.0,29.0,27.6,7.0,13.0,53.8,22.0,9.0,31.0,20.0,14.0,14.0,1.0,2.0,17.0,17.0,83.0,KK Sutjeska Elektroprivreda,/match/90/22/2/Boxscore/q1/1/home/sutjeska-elektroprivreda-sloga/,37,2022/2023
60,14,Krka-Sutjeska,L,82.0,45.2,22.0,42.0,52.4,6.0,20.0,30.0,20.0,28.0,71.4,20.0,7.0,27.0,23.0,3.0,7.0,2.0,0.0,31.0,24.0,81.0,KK Sutjeska Elektroprivreda,/match/93/22/2/Boxscore/q1/1/home/krka-sutjeska-elektroprivreda/,37,2022/2023
61,1,Krka-Spars,L,82.0,52.6,22.0,34.0,64.7,8.0,23.0,34.8,14.0,24.0,58.3,16.0,10.0,26.0,18.0,7.0,16.0,0.0,0.0,20.0,23.0,83.0,OKK Spars,/match/1/22/2/Boxscore/q1/1/home/krka-spars/,61,2022/2023
62,2,Spars-Gorica,W,103.0,51.4,28.0,49.0,57.1,10.0,25.0,40.0,17.0,20.0,85.0,35.0,9.0,44.0,19.0,11.0,16.0,4.0,6.0,18.0,23.0,125.0,OKK Spars,/match/8/22/2/Boxscore/q1/1/home/spars-gorica/,61,2022/2023
63,3,Sloga-Spars,L,72.0,44.8,21.0,38.0,55.3,5.0,20.0,25.0,15.0,25.0,60.0,19.0,7.0,26.0,16.0,8.0,17.0,0.0,0.0,19.0,21.0,65.0,OKK Spars,/match/15/22/2/Boxscore/q1/1/home/sloga-spars/,61,2022/2023
64,4,Spars-Borac BL,L,89.0,50.7,30.0,53.0,56.6,7.0,20.0,35.0,8.0,11.0,72.7,27.0,7.0,34.0,21.0,10.0,15.0,2.0,5.0,22.0,17.0,92.0,OKK Spars,/match/22/22/2/Boxscore/q1/1/home/spars-borac-wwin/,61,2022/2023
65,5,Podgorica-Spars,L,46.0,27.3,12.0,26.0,46.2,3.0,29.0,10.3,13.0,16.0,81.3,24.0,9.0,33.0,13.0,5.0,25.0,2.0,0.0,19.0,14.0,26.0,OKK Spars,/match/29/22/2/Boxscore/q1/1/home/podgorica-bemax-spars/,61,2022/2023
66,6,Spars-Helios,L,62.0,39.4,20.0,35.0,57.1,6.0,31.0,19.4,4.0,7.0,57.1,22.0,13.0,35.0,11.0,6.0,18.0,3.0,2.0,19.0,13.0,48.0,OKK Spars,/match/36/22/2/Boxscore/q1/1/home/spars-kansai-helios-domzale/,61,2022/2023
67,7,TFT-Spars,L,78.0,42.9,20.0,42.0,47.6,10.0,28.0,35.7,8.0,12.0,66.7,22.0,11.0,33.0,22.0,1.0,18.0,2.0,3.0,22.0,23.0,72.0,OKK Spars,/match/43/22/2/Boxscore/q1/1/home/tft-mozzart-skopje-spars/,61,2022/2023
68,8,Spars-Pelister,L,71.0,42.6,24.0,40.0,60.0,5.0,28.0,17.9,8.0,9.0,88.9,18.0,14.0,32.0,16.0,9.0,22.0,2.0,1.0,13.0,17.0,71.0,OKK Spars,/match/50/22/2/Boxscore/q1/1/home/spars-pelister-bitola/,61,2022/2023
69,9,GGD Šenčur-Spars,L,64.0,41.4,14.0,35.0,40.0,10.0,23.0,43.5,6.0,14.0,42.9,24.0,4.0,28.0,15.0,5.0,15.0,0.0,6.0,15.0,22.0,56.0,OKK Spars,/match/57/22/2/Boxscore/q1/1/home/ggd-sencur-spars/,61,2022/2023
70,10,Spars-Sutjeska,L,70.0,44.8,18.0,34.0,52.9,8.0,24.0,33.3,10.0,18.0,55.6,19.0,4.0,23.0,15.0,2.0,13.0,0.0,2.0,20.0,20.0,55.0,OKK Spars,/match/64/22/2/Boxscore/q1/1/home/spars-sutjeska-elektroprivreda/,61,2022/2023
71,11,Široki-Spars,L,73.0,44.4,21.0,36.0,58.3,7.0,27.0,25.9,10.0,16.0,62.5,24.0,6.0,30.0,17.0,5.0,8.0,1.0,3.0,18.0,22.0,78.0,OKK Spars,/match/71/22/2/Boxscore/q1/1/home/siroki-tt-kabeli-spars/,61,2022/2023
72,12,Spars-Zlatibor,L,72.0,37.7,19.0,46.0,41.3,7.0,23.0,30.4,13.0,21.0,61.9,17.0,9.0,26.0,9.0,12.0,8.0,1.0,3.0,19.0,20.0,59.0,OKK Spars,/match/78/22/2/Boxscore/q1/1/home/spars-zlatibor-mozzart/,61,2022/2023
73,13,Vr. Osijek-Spars,W,80.0,47.5,22.0,42.0,52.4,6.0,17.0,35.3,18.0,26.0,69.2,28.0,9.0,37.0,23.0,7.0,12.0,1.0,2.0,21.0,24.0,98.0,OKK Spars,/match/85/22/2/Boxscore/q1/1/home/vrijednosnice-osijek-spars/,61,2022/2023
74,1,Sloga-Zlatibor,W,87.0,46.3,20.0,39.0,51.3,11.0,28.0,39.3,14.0,22.0,63.6,29.0,10.0,39.0,23.0,9.0,14.0,3.0,3.0,20.0,24.0,104.0,KK Zlatibor Mozzart,/match/2/22/2/Boxscore/q1/1/home/sloga-zlatibor-mozzart/,70,2022/2023
75,2,Zlatibor-Podgorica,W,91.0,56.7,24.0,34.0,70.6,10.0,26.0,38.5,13.0,20.0,65.0,26.0,9.0,35.0,26.0,9.0,15.0,2.0,0.0,23.0,23.0,115.0,KK Zlatibor Mozzart,/match/13/22/2/Boxscore/q1/1/home/zlatibor-mozzart-podgorica-bemax/,70,2022/2023
76,3,TFT-Zlatibor,W,90.0,50.0,17.0,27.0,63.0,13.0,33.0,39.4,17.0,23.0,73.9,25.0,7.0,32.0,23.0,8.0,11.0,1.0,1.0,16.0,25.0,115.0,KK Zlatibor Mozzart,/match/17/22/2/Boxscore/q1/1/home/tft-mozzart-skopje-zlatibor-mozzart/,70,2022/2023
77,4,Zlatibor-GGD Šenčur,W,71.0,48.1,15.0,27.0,55.6,11.0,27.0,40.7,8.0,14.0,57.1,20.0,10.0,30.0,14.0,6.0,12.0,2.0,1.0,19.0,22.0,79.0,KK Zlatibor Mozzart,/match/26/22/2/Boxscore/q1/1/home/zlatibor-mozzart-ggd-sencur/,70,2022/2023
78,5,Široki-Zlatibor,L,83.0,49.2,18.0,33.0,54.5,11.0,26.0,42.3,14.0,17.0,82.4,18.0,11.0,29.0,16.0,6.0,10.0,1.0,0.0,21.0,22.0,93.0,KK Zlatibor Mozzart,/match/32/22/2/Boxscore/q1/1/home/siroki-tt-kabeli-zlatibor-mozzart/,70,2022/2023
79,6,Zlatibor-Vr. Osijek,W,97.0,55.2,21.0,39.0,53.8,11.0,19.0,57.9,22.0,26.0,84.6,30.0,6.0,36.0,26.0,7.0,13.0,0.0,2.0,23.0,25.0,123.0,KK Zlatibor Mozzart,/match/39/22/2/Boxscore/q1/1/home/zlatibor-mozzart-vrijednosnice-osijek/,70,2022/2023
80,7,Gorica-Zlatibor,W,86.0,55.2,22.0,34.0,64.7,10.0,24.0,41.7,12.0,16.0,75.0,25.0,7.0,32.0,28.0,12.0,15.0,0.0,1.0,17.0,22.0,117.0,KK Zlatibor Mozzart,/match/47/22/2/Boxscore/q1/1/home/gorica-zlatibor-mozzart/,70,2022/2023
81,8,Zlatibor-Borac BL,L,88.0,51.5,23.0,43.0,53.5,12.0,25.0,48.0,6.0,8.0,75.0,18.0,9.0,27.0,19.0,9.0,13.0,1.0,1.0,21.0,18.0,92.0,KK Zlatibor Mozzart,/match/52/22/2/Boxscore/q1/1/home/zlatibor-mozzart-borac-wwin/,70,2022/2023
82,9,Helios-Zlatibor,L,71.0,42.9,23.0,43.0,53.5,4.0,20.0,20.0,13.0,17.0,76.5,21.0,8.0,29.0,14.0,3.0,12.0,1.0,2.0,23.0,20.0,61.0,KK Zlatibor Mozzart,/match/62/22/2/Boxscore/q1/1/home/kansai-helios-domzale-zlatibor-mozzart/,70,2022/2023
83,10,Zlatibor-Pelister,W,75.0,42.9,14.0,25.0,56.0,10.0,31.0,32.3,17.0,22.0,77.3,27.0,6.0,33.0,16.0,4.0,14.0,6.0,3.0,21.0,20.0,79.0,KK Zlatibor Mozzart,/match/65/22/2/Boxscore/q1/1/home/zlatibor-mozzart-pelister-bitola/,70,2022/2023
84,11,Sutjeska-Zlatibor,W,88.0,36.6,14.0,36.0,38.9,12.0,35.0,34.3,24.0,28.0,85.7,30.0,20.0,50.0,18.0,5.0,10.0,4.0,5.0,21.0,26.0,106.0,KK Zlatibor Mozzart,/match/77/22/2/Boxscore/q1/1/home/sutjeska-elektroprivreda-zlatibor-mozzart/,70,2022/2023
85,12,Spars-Zlatibor,W,96.0,63.2,24.0,33.0,72.7,12.0,24.0,50.0,12.0,21.0,57.1,36.0,6.0,42.0,21.0,5.0,16.0,3.0,1.0,20.0,19.0,119.0,KK Zlatibor Mozzart,/match/78/22/2/Boxscore/q1/1/home/spars-zlatibor-mozzart/,70,2022/2023
86,13,Zlatibor-Krka,L,97.0,46.5,21.0,37.0,56.8,12.0,34.0,35.3,19.0,22.0,86.4,22.0,11.0,33.0,22.0,3.0,10.0,0.0,3.0,17.0,19.0,103.0,KK Zlatibor Mozzart,/match/91/22/2/Boxscore/q1/1/home/zlatibor-mozzart-krka/,70,2022/2023
87,14,Podgorica-Zlatibor,L,64.0,32.7,10.0,24.0,41.7,8.0,31.0,25.8,20.0,28.0,71.4,24.0,14.0,38.0,9.0,3.0,22.0,1.0,3.0,22.0,27.0,50.0,KK Zlatibor Mozzart,/match/94/22/2/Boxscore/q1/1/home/podgorica-bemax-zlatibor-mozzart/,70,2022/2023
88,1,Vr. Osijek-Gorica,L,73.0,41.9,21.0,44.0,47.7,5.0,18.0,27.8,16.0,22.0,72.7,16.0,10.0,26.0,21.0,9.0,12.0,1.0,3.0,22.0,22.0,73.0,KK Gorica,/match/7/22/2/Boxscore/q1/1/home/vrijednosnice-osijek-gorica/,72,2022/2023
89,2,Spars-Gorica,L,70.0,40.0,19.0,50.0,38.0,9.0,20.0,45.0,5.0,12.0,41.7,21.0,7.0,28.0,13.0,7.0,18.0,6.0,4.0,23.0,18.0,48.0,KK Gorica,/match/8/22/2/Boxscore/q1/1/home/spars-gorica/,72,2022/2023
90,3,Gorica-Borac BL,L,54.0,31.4,19.0,47.0,40.4,3.0,23.0,13.0,7.0,17.0,41.2,21.0,19.0,40.0,10.0,4.0,16.0,4.0,3.0,19.0,17.0,33.0,KK Gorica,/match/21/22/2/Boxscore/q1/1/home/gorica-borac-wwin/,72,2022/2023
91,4,Helios-Gorica,L,70.0,42.9,22.0,40.0,55.0,2.0,16.0,12.5,20.0,20.0,100.0,16.0,4.0,20.0,9.0,6.0,16.0,0.0,2.0,25.0,18.0,48.0,KK Gorica,/match/23/22/2/Boxscore/q1/1/home/kansai-helios-domzale-gorica/,72,2022/2023
92,5,Gorica-Pelister,L,91.0,58.1,26.0,36.0,72.2,10.0,26.0,38.5,9.0,17.0,52.9,20.0,4.0,24.0,24.0,4.0,15.0,3.0,0.0,20.0,19.0,96.0,KK Gorica,/match/34/22/2/Boxscore/q1/1/home/gorica-pelister-bitola/,72,2022/2023
93,6,Sutjeska-Gorica,L,78.0,45.6,17.0,34.0,50.0,9.0,23.0,39.1,17.0,26.0,65.4,15.0,10.0,25.0,17.0,7.0,16.0,1.0,4.0,29.0,29.0,68.0,KK Gorica,/match/38/22/2/Boxscore/q1/1/home/sutjeska-elektroprivreda-gorica/,72,2022/2023
94,7,Gorica-Zlatibor,L,68.0,45.8,20.0,34.0,58.8,7.0,25.0,28.0,7.0,13.0,53.8,19.0,7.0,26.0,19.0,8.0,17.0,1.0,0.0,22.0,17.0,62.0,KK Gorica,/match/47/22/2/Boxscore/q1/1/home/gorica-zlatibor-mozzart/,72,2022/2023
95,8,Krka-Gorica,L,74.0,40.3,14.0,33.0,42.4,11.0,29.0,37.9,13.0,17.0,76.5,23.0,5.0,28.0,18.0,11.0,17.0,1.0,3.0,21.0,17.0,67.0,KK Gorica,/match/53/22/2/Boxscore/q1/1/home/krka-gorica/,72,2022/2023
96,9,Gorica-Sloga,W,81.0,47.9,12.0,23.0,52.2,11.0,25.0,44.0,24.0,27.0,88.9,20.0,4.0,24.0,13.0,7.0,17.0,0.0,0.0,21.0,26.0,85.0,KK Gorica,/match/60/22/2/Boxscore/q1/1/home/gorica-sloga/,72,2022/2023
97,10,Podgorica-Gorica,L,70.0,50.0,18.0,31.0,58.1,9.0,23.0,39.1,7.0,12.0,58.3,20.0,6.0,26.0,16.0,7.0,21.0,1.0,0.0,25.0,18.0,60.0,KK Gorica,/match/68/22/2/Boxscore/q1/1/home/podgorica-bemax-gorica/,72,2022/2023
98,11,Gorica-TFT,W,83.0,52.6,20.0,29.0,69.0,10.0,28.0,35.7,13.0,19.0,68.4,22.0,5.0,27.0,23.0,5.0,4.0,1.0,1.0,18.0,20.0,103.0,KK Gorica,/match/73/22/2/Boxscore/q1/1/home/gorica-tft-mozzart-skopje/,72,2022/2023
99,12,GGD Šenčur-Gorica,L,72.0,42.1,16.0,28.0,57.1,8.0,29.0,27.6,16.0,20.0,80.0,19.0,9.0,28.0,16.0,10.0,12.0,0.0,1.0,20.0,22.0,78.0,KK Gorica,/match/83/22/2/Boxscore/q1/1/home/ggd-sencur-gorica/,72,2022/2023
100,13,Gorica-Široki,L,78.0,42.4,17.0,29.0,58.6,11.0,37.0,29.7,11.0,13.0,84.6,15.0,8.0,23.0,22.0,4.0,8.0,0.0,3.0,24.0,19.0,71.0,KK Gorica,/match/86/22/2/Boxscore/q1/1/home/gorica-siroki-tt-kabeli/,72,2022/2023
101,1,Podgorica-Sutjeska,L,61.0,36.5,16.0,32.0,50.0,3.0,20.0,15.0,20.0,33.0,60.6,20.0,6.0,26.0,9.0,5.0,15.0,2.0,1.0,31.0,29.0,39.0,KK Podgorica Bemax,/match/3/22/2/Boxscore/q1/1/home/podgorica-bemax-sutjeska-elektroprivreda/,75,2022/2023
102,2,Zlatibor-Podgorica,L,72.0,48.3,24.0,41.0,58.5,5.0,19.0,26.3,9.0,19.0,47.4,18.0,9.0,27.0,12.0,8.0,15.0,0.0,2.0,23.0,23.0,61.0,KK Podgorica Bemax,/match/13/22/2/Boxscore/q1/1/home/zlatibor-mozzart-podgorica-bemax/,75,2022/2023
103,3,Podgorica-Krka,L,60.0,42.9,18.0,33.0,54.5,6.0,23.0,26.1,6.0,13.0,46.2,19.0,6.0,25.0,8.0,9.0,15.0,0.0,2.0,19.0,19.0,46.0,KK Podgorica Bemax,/match/16/22/2/Boxscore/q1/1/home/podgorica-bemax-krka/,75,2022/2023
104,4,Sloga-Podgorica,W,77.0,46.2,26.0,45.0,57.8,4.0,20.0,20.0,13.0,21.0,61.9,28.0,13.0,41.0,16.0,8.0,14.0,3.0,5.0,24.0,24.0,83.0,KK Podgorica Bemax,/match/28/22/2/Boxscore/q1/1/home/sloga-podgorica-bemax/,75,2022/2023
105,5,Podgorica-Spars,W,98.0,47.9,24.0,46.0,52.2,11.0,27.0,40.7,17.0,22.0,77.3,29.0,12.0,41.0,26.0,14.0,9.0,0.0,2.0,14.0,19.0,130.0,KK Podgorica Bemax,/match/29/22/2/Boxscore/q1/1/home/podgorica-bemax-spars/,75,2022/2023
106,6,Podgorica-TFT,L,93.0,42.2,28.0,51.0,54.9,7.0,32.0,21.9,16.0,28.0,57.1,24.0,28.0,52.0,22.0,5.0,19.0,1.0,4.0,26.0,27.0,91.0,KK Podgorica Bemax,/match/42/22/2/Boxscore/q1/1/home/podgorica-bemax-tft-mozzart-skopje/,75,2022/2023
107,7,GGD Šenčur-Podgorica,W,78.0,48.1,21.0,38.0,55.3,4.0,14.0,28.6,24.0,30.0,80.0,18.0,9.0,27.0,20.0,8.0,17.0,3.0,4.0,29.0,25.0,78.0,KK Podgorica Bemax,/match/44/22/2/Boxscore/q1/1/home/ggd-sencur-podgorica-bemax/,75,2022/2023
108,8,Podgorica-Široki,W,69.0,46.0,12.0,26.0,46.2,11.0,24.0,45.8,12.0,19.0,63.2,25.0,7.0,32.0,17.0,5.0,18.0,1.0,1.0,28.0,23.0,66.0,KK Podgorica Bemax,/match/55/22/2/Boxscore/q1/1/home/podgorica-bemax-siroki-tt-kabeli/,75,2022/2023
109,9,Vr. Osijek-Podgorica,W,83.0,48.4,27.0,44.0,61.4,4.0,20.0,20.0,17.0,28.0,60.7,17.0,13.0,30.0,13.0,18.0,7.0,0.0,0.0,17.0,28.0,104.0,KK Podgorica Bemax,/match/59/22/2/Boxscore/q1/1/home/vrijednosnice-osijek-podgorica-bemax/,75,2022/2023
110,10,Podgorica-Gorica,W,86.0,48.4,27.0,48.0,56.3,4.0,16.0,25.0,20.0,29.0,69.0,17.0,12.0,29.0,18.0,12.0,12.0,0.0,1.0,18.0,25.0,97.0,KK Podgorica Bemax,/match/68/22/2/Boxscore/q1/1/home/podgorica-bemax-gorica/,75,2022/2023
111,11,Borac BL-Podgorica,W,73.0,42.2,20.0,38.0,52.6,7.0,26.0,26.9,12.0,21.0,57.1,24.0,11.0,35.0,11.0,8.0,8.0,0.0,2.0,21.0,23.0,73.0,KK Podgorica Bemax,/match/74/22/2/Boxscore/q1/1/home/borac-wwin-podgorica-bemax/,75,2022/2023
112,12,Podgorica-Helios,W,79.0,50.8,24.0,41.0,58.5,7.0,20.0,35.0,10.0,13.0,76.9,21.0,8.0,29.0,12.0,7.0,11.0,1.0,2.0,16.0,18.0,84.0,KK Podgorica Bemax,/match/81/22/2/Boxscore/q1/1/home/podgorica-bemax-kansai-helios-domzale/,75,2022/2023
113,13,Pelister-Podgorica,W,97.0,54.8,22.0,36.0,61.1,12.0,26.0,46.2,17.0,22.0,77.3,21.0,5.0,26.0,22.0,14.0,11.0,4.0,4.0,20.0,22.0,117.0,KK Podgorica Bemax,/match/89/22/2/Boxscore/q1/1/home/pelister-bitola-podgorica-bemax/,75,2022/2023
114,14,Podgorica-Zlatibor,W,89.0,47.1,23.0,40.0,57.5,9.0,28.0,32.1,16.0,19.0,84.2,22.0,8.0,30.0,19.0,10.0,5.0,3.0,1.0,27.0,20.0,99.0,KK Podgorica Bemax,/match/94/22/2/Boxscore/q1/1/home/podgorica-bemax-zlatibor-mozzart/,75,2022/2023
115,15,Krka-Podgorica,L,74.0,44.8,20.0,34.0,58.8,6.0,24.0,25.0,16.0,22.0,72.7,14.0,8.0,22.0,19.0,6.0,11.0,5.0,0.0,23.0,19.0,73.0,KK Podgorica Bemax,/match/96/22/2/Boxscore/q1/1/home/krka-podgorica-bemax/,75,2022/2023
116,1,Široki-Borac BL,W,95.0,54.4,16.0,28.0,57.1,15.0,29.0,51.7,18.0,26.0,69.2,30.0,6.0,36.0,18.0,8.0,14.0,2.0,1.0,23.0,24.0,111.0,KK Borac WWIN,/match/6/22/2/Boxscore/q1/1/home/siroki-tt-kabeli-borac-wwin/,76,2022/2023
117,2,Borac BL-Vr. Osijek,W,81.0,50.0,25.0,41.0,61.0,5.0,19.0,26.3,16.0,20.0,80.0,32.0,6.0,38.0,21.0,6.0,14.0,3.0,2.0,17.0,21.0,103.0,KK Borac WWIN,/match/9/22/2/Boxscore/q1/1/home/borac-wwin-vrijednosnice-osijek/,76,2022/2023
118,3,Gorica-Borac BL,W,96.0,56.1,25.0,42.0,59.5,12.0,24.0,50.0,10.0,16.0,62.5,31.0,7.0,38.0,25.0,9.0,7.0,3.0,4.0,17.0,19.0,127.0,KK Borac WWIN,/match/21/22/2/Boxscore/q1/1/home/gorica-borac-wwin/,76,2022/2023
119,4,Spars-Borac BL,W,91.0,41.6,22.0,49.0,44.9,10.0,28.0,35.7,17.0,20.0,85.0,28.0,14.0,42.0,18.0,8.0,17.0,5.0,2.0,17.0,20.0,100.0,KK Borac WWIN,/match/22/22/2/Boxscore/q1/1/home/spars-borac-wwin/,76,2022/2023
120,5,Borac BL-Helios,L,85.0,50.0,16.0,38.0,42.1,14.0,22.0,63.6,11.0,13.0,84.6,19.0,8.0,27.0,18.0,7.0,14.0,2.0,1.0,21.0,16.0,87.0,KK Borac WWIN,/match/35/22/2/Boxscore/q1/1/home/borac-wwin-kansai-helios-domzale/,76,2022/2023
121,6,Pelister-Borac BL,W,89.0,44.9,24.0,47.0,51.1,7.0,22.0,31.8,20.0,26.0,76.9,34.0,16.0,50.0,20.0,6.0,17.0,3.0,1.0,22.0,25.0,109.0,KK Borac WWIN,/match/37/22/2/Boxscore/q1/1/home/pelister-bitola-borac-wwin/,76,2022/2023
122,7,Borac BL-Sutjeska,L,72.0,45.9,23.0,40.0,57.5,5.0,21.0,23.8,11.0,18.0,61.1,23.0,6.0,29.0,17.0,5.0,8.0,0.0,1.0,17.0,23.0,80.0,KK Borac WWIN,/match/48/22/2/Boxscore/q1/1/home/borac-wwin-sutjeska-elektroprivreda/,76,2022/2023
123,8,Zlatibor-Borac BL,W,95.0,61.0,26.0,40.0,65.0,10.0,19.0,52.6,13.0,19.0,68.4,22.0,4.0,26.0,23.0,7.0,12.0,1.0,1.0,18.0,21.0,113.0,KK Borac WWIN,/match/52/22/2/Boxscore/q1/1/home/zlatibor-mozzart-borac-wwin/,76,2022/2023
124,9,Borac BL-Krka,W,83.0,48.3,22.0,36.0,61.1,7.0,24.0,29.2,18.0,21.0,85.7,21.0,7.0,28.0,19.0,6.0,9.0,2.0,1.0,19.0,22.0,97.0,KK Borac WWIN,/match/61/22/2/Boxscore/q1/1/home/borac-wwin-krka/,76,2022/2023
125,10,Sloga-Borac BL,L,71.0,38.0,17.0,37.0,45.9,10.0,34.0,29.4,7.0,10.0,70.0,25.0,16.0,41.0,14.0,6.0,19.0,2.0,2.0,22.0,20.0,64.0,KK Borac WWIN,/match/67/22/2/Boxscore/q1/1/home/sloga-borac-wwin/,76,2022/2023
126,11,Borac BL-Podgorica,L,60.0,37.7,12.0,23.0,52.2,8.0,30.0,26.7,12.0,22.0,54.5,25.0,11.0,36.0,13.0,4.0,21.0,2.0,0.0,23.0,21.0,49.0,KK Borac WWIN,/match/74/22/2/Boxscore/q1/1/home/borac-wwin-podgorica-bemax/,76,2022/2023
127,12,TFT-Borac BL,W,91.0,56.9,26.0,36.0,72.2,7.0,22.0,31.8,18.0,21.0,85.7,27.0,12.0,39.0,25.0,7.0,19.0,2.0,4.0,15.0,25.0,123.0,KK Borac WWIN,/match/82/22/2/Boxscore/q1/1/home/tft-mozzart-skopje-borac-wwin/,76,2022/2023
128,13,Borac BL-GGD Šenčur,W,68.0,43.9,18.0,32.0,56.3,7.0,25.0,28.0,11.0,20.0,55.0,26.0,11.0,37.0,20.0,6.0,15.0,1.0,5.0,19.0,22.0,74.0,KK Borac WWIN,/match/87/22/2/Boxscore/q1/1/home/borac-wwin-ggd-sencur/,76,2022/2023
129,14,Borac BL-Široki,L,72.0,45.3,17.0,27.0,63.0,7.0,26.0,26.9,17.0,24.0,70.8,20.0,6.0,26.0,21.0,2.0,12.0,5.0,1.0,22.0,26.0,81.0,KK Borac WWIN,/match/95/22/2/Boxscore/q1/1/home/borac-wwin-siroki-tt-kabeli/,76,2022/2023
130,1,TFT-Pelister,W,75.0,51.0,19.0,31.0,61.3,6.0,18.0,33.3,19.0,28.0,67.9,25.0,6.0,31.0,23.0,5.0,22.0,1.0,1.0,21.0,28.0,86.0,KK Pelister-Bitola,/match/4/22/2/Boxscore/q1/1/home/tft-mozzart-skopje-pelister-bitola/,81,2022/2023
131,2,Pelister-GGD Šenčur,W,71.0,41.5,22.0,42.0,52.4,5.0,23.0,21.7,12.0,21.0,57.1,24.0,5.0,29.0,15.0,11.0,13.0,1.0,5.0,20.0,22.0,64.0,KK Pelister-Bitola,/match/11/22/2/Boxscore/q1/1/home/pelister-bitola-ggd-sencur/,81,2022/2023
132,3,Široki-Pelister,L,73.0,45.2,20.0,30.0,66.7,8.0,32.0,25.0,9.0,14.0,64.3,14.0,7.0,21.0,15.0,15.0,20.0,0.0,1.0,22.0,21.0,63.0,KK Pelister-Bitola,/match/19/22/2/Boxscore/q1/1/home/siroki-tt-kabeli-pelister-bitola/,81,2022/2023
133,4,Pelister-Vr. Osijek,W,83.0,50.8,26.0,42.0,61.9,7.0,23.0,30.4,10.0,11.0,90.9,27.0,7.0,34.0,19.0,12.0,12.0,2.0,1.0,25.0,17.0,96.0,KK Pelister-Bitola,/match/24/22/2/Boxscore/q1/1/home/pelister-bitola-vrijednosnice-osijek/,81,2022/2023
134,5,Gorica-Pelister,W,100.0,55.4,22.0,38.0,57.9,14.0,27.0,51.9,14.0,20.0,70.0,22.0,10.0,32.0,25.0,12.0,14.0,0.0,3.0,19.0,20.0,118.0,KK Pelister-Bitola,/match/34/22/2/Boxscore/q1/1/home/gorica-pelister-bitola/,81,2022/2023
135,6,Pelister-Borac BL,L,67.0,34.8,19.0,43.0,44.2,5.0,26.0,19.2,14.0,16.0,87.5,16.0,8.0,24.0,15.0,10.0,13.0,1.0,3.0,25.0,22.0,51.0,KK Pelister-Bitola,/match/37/22/2/Boxscore/q1/1/home/pelister-bitola-borac-wwin/,81,2022/2023
136,7,Helios-Pelister,L,70.0,45.2,24.0,45.0,53.3,4.0,17.0,23.5,10.0,16.0,62.5,23.0,12.0,35.0,11.0,3.0,18.0,2.0,1.0,27.0,20.0,55.0,KK Pelister-Bitola,/match/49/22/2/Boxscore/q1/1/home/kansai-helios-domzale-pelister-bitola/,81,2022/2023
137,8,Spars-Pelister,W,99.0,58.0,27.0,40.0,67.5,13.0,29.0,44.8,6.0,8.0,75.0,22.0,7.0,29.0,23.0,16.0,18.0,1.0,2.0,17.0,13.0,113.0,KK Pelister-Bitola,/match/50/22/2/Boxscore/q1/1/home/spars-pelister-bitola/,81,2022/2023
138,9,Pelister-Sutjeska,W,77.0,43.9,21.0,41.0,51.2,8.0,25.0,32.0,11.0,19.0,57.9,26.0,14.0,40.0,18.0,6.0,16.0,6.0,4.0,25.0,23.0,80.0,KK Pelister-Bitola,/match/63/22/2/Boxscore/q1/1/home/pelister-bitola-sutjeska-elektroprivreda/,81,2022/2023
139,10,Zlatibor-Pelister,L,69.0,40.3,23.0,46.0,50.0,4.0,21.0,19.0,11.0,16.0,68.8,26.0,8.0,34.0,14.0,5.0,9.0,3.0,6.0,21.0,21.0,65.0,KK Pelister-Bitola,/match/65/22/2/Boxscore/q1/1/home/zlatibor-mozzart-pelister-bitola/,81,2022/2023
140,11,Pelister-Krka,L,88.0,53.1,26.0,40.0,65.0,8.0,24.0,33.3,12.0,15.0,80.0,15.0,11.0,26.0,19.0,8.0,15.0,2.0,3.0,22.0,18.0,88.0,KK Pelister-Bitola,/match/76/22/2/Boxscore/q1/1/home/pelister-bitola-krka/,81,2022/2023
141,12,Sloga-Pelister,W,96.0,57.4,23.0,31.0,74.2,12.0,30.0,40.0,14.0,19.0,73.7,20.0,3.0,23.0,29.0,12.0,12.0,2.0,1.0,19.0,20.0,119.0,KK Pelister-Bitola,/match/80/22/2/Boxscore/q1/1/home/sloga-pelister-bitola/,81,2022/2023
142,13,Pelister-Podgorica,L,84.0,53.6,17.0,33.0,51.5,13.0,23.0,56.5,11.0,18.0,61.1,24.0,6.0,30.0,19.0,5.0,18.0,4.0,4.0,22.0,20.0,85.0,KK Pelister-Bitola,/match/89/22/2/Boxscore/q1/1/home/pelister-bitola-podgorica-bemax/,81,2022/2023
143,14,Helios-Pelister,L,47.0,37.0,14.0,33.0,42.4,3.0,13.0,23.1,10.0,15.0,66.7,11.0,3.0,14.0,12.0,7.0,17.0,0.0,5.0,22.0,19.0,21.0,KK Pelister-Bitola,/match/92/22/2/Boxscore/q1/1/home/kansai-helios-domzale-pelister-bitola/,81,2022/2023
144,1,Vr. Osijek-Gorica,W,77.0,42.6,20.0,40.0,50.0,6.0,21.0,28.6,19.0,24.0,79.2,24.0,12.0,36.0,13.0,10.0,15.0,3.0,1.0,22.0,22.0,83.0,KK Vrijednosnice Osijek,/match/7/22/2/Boxscore/q1/1/home/vrijednosnice-osijek-gorica/,83,2022/2023
145,2,Borac BL-Vr. Osijek,L,70.0,34.3,14.0,32.0,43.8,10.0,38.0,26.3,12.0,13.0,92.3,24.0,10.0,34.0,18.0,7.0,10.0,2.0,3.0,21.0,17.0,67.0,KK Vrijednosnice Osijek,/match/9/22/2/Boxscore/q1/1/home/borac-wwin-vrijednosnice-osijek/,83,2022/2023
146,3,Vr. Osijek-Helios,L,72.0,52.8,20.0,31.0,64.5,8.0,22.0,36.4,8.0,15.0,53.3,19.0,2.0,21.0,15.0,3.0,16.0,0.0,0.0,18.0,17.0,62.0,KK Vrijednosnice Osijek,/match/20/22/2/Boxscore/q1/1/home/vrijednosnice-osijek-kansai-helios-domzale/,83,2022/2023
147,4,Pelister-Vr. Osijek,L,71.0,42.4,19.0,33.0,57.6,6.0,26.0,23.1,15.0,20.0,75.0,25.0,8.0,33.0,9.0,4.0,17.0,1.0,2.0,17.0,24.0,67.0,KK Vrijednosnice Osijek,/match/24/22/2/Boxscore/q1/1/home/pelister-bitola-vrijednosnice-osijek/,83,2022/2023
148,5,Vr. Osijek-Sutjeska,L,63.0,45.7,13.0,26.0,50.0,8.0,20.0,40.0,13.0,24.0,54.2,17.0,4.0,21.0,13.0,9.0,15.0,0.0,1.0,18.0,22.0,58.0,KK Vrijednosnice Osijek,/match/33/22/2/Boxscore/q1/1/home/vrijednosnice-osijek-sutjeska-elektroprivreda/,83,2022/2023
149,6,Zlatibor-Vr. Osijek,L,79.0,48.5,26.0,43.0,60.5,6.0,23.0,26.1,9.0,17.0,52.9,19.0,5.0,24.0,16.0,9.0,10.0,2.0,0.0,25.0,22.0,75.0,KK Vrijednosnice Osijek,/match/39/22/2/Boxscore/q1/1/home/zlatibor-mozzart-vrijednosnice-osijek/,83,2022/2023
150,7,Vr. Osijek-Krka,L,90.0,52.2,27.0,50.0,54.0,9.0,19.0,47.4,9.0,11.0,81.8,23.0,10.0,33.0,26.0,3.0,14.0,2.0,4.0,27.0,19.0,93.0,KK Vrijednosnice Osijek,/match/46/22/2/Boxscore/q1/1/home/vrijednosnice-osijek-krka/,83,2022/2023
151,8,Sloga-Vr. Osijek,L,80.0,45.5,28.0,52.0,53.8,2.0,14.0,14.3,18.0,24.0,75.0,23.0,13.0,36.0,12.0,8.0,18.0,2.0,7.0,25.0,21.0,67.0,KK Vrijednosnice Osijek,/match/54/22/2/Boxscore/q1/1/home/sloga-vrijednosnice-osijek/,83,2022/2023
152,9,Vr. Osijek-Podgorica,L,63.0,44.0,14.0,26.0,53.8,8.0,24.0,33.3,11.0,15.0,73.3,23.0,8.0,31.0,14.0,1.0,28.0,0.0,0.0,28.0,17.0,38.0,KK Vrijednosnice Osijek,/match/59/22/2/Boxscore/q1/1/home/vrijednosnice-osijek-podgorica-bemax/,83,2022/2023
153,10,TFT-Vr. Osijek,L,70.0,41.5,20.0,43.0,46.5,7.0,22.0,31.8,9.0,18.0,50.0,21.0,11.0,32.0,19.0,10.0,12.0,4.0,5.0,22.0,20.0,69.0,KK Vrijednosnice Osijek,/match/69/22/2/Boxscore/q1/1/home/tft-mozzart-skopje-vrijednosnice-osijek/,83,2022/2023
154,11,Vr. Osijek-GGD Šenčur,L,77.0,39.4,20.0,43.0,46.5,8.0,28.0,28.6,13.0,25.0,52.0,20.0,17.0,37.0,20.0,3.0,8.0,1.0,7.0,25.0,26.0,69.0,KK Vrijednosnice Osijek,/match/72/22/2/Boxscore/q1/1/home/vrijednosnice-osijek-ggd-sencur/,83,2022/2023
155,12,Široki-Vr. Osijek,L,55.0,37.0,13.0,25.0,52.0,7.0,29.0,24.1,8.0,10.0,80.0,17.0,2.0,19.0,8.0,5.0,11.0,1.0,6.0,17.0,18.0,36.0,KK Vrijednosnice Osijek,/match/84/22/2/Boxscore/q1/1/home/siroki-tt-kabeli-vrijednosnice-osijek/,83,2022/2023
156,13,Vr. Osijek-Spars,L,77.0,43.9,22.0,36.0,61.1,7.0,30.0,23.3,12.0,16.0,75.0,24.0,8.0,32.0,21.0,5.0,10.0,2.0,1.0,24.0,21.0,82.0,KK Vrijednosnice Osijek,/match/85/22/2/Boxscore/q1/1/home/vrijednosnice-osijek-spars/,83,2022/2023
157,1,Sloga-Zlatibor,L,67.0,41.2,25.0,47.0,53.2,3.0,21.0,14.3,8.0,14.0,57.1,24.0,11.0,35.0,10.0,11.0,14.0,3.0,3.0,24.0,20.0,59.0,KK Sloga,/match/2/22/2/Boxscore/q1/1/home/sloga-zlatibor-mozzart/,86,2022/2023
158,2,Krka-Sloga,L,67.0,40.3,20.0,39.0,51.3,5.0,23.0,21.7,12.0,17.0,70.6,20.0,3.0,23.0,14.0,8.0,6.0,1.0,0.0,21.0,19.0,63.0,KK Sloga,/match/14/22/2/Boxscore/q1/1/home/krka-sloga/,86,2022/2023
159,3,Sloga-Spars,W,84.0,51.6,25.0,42.0,59.5,8.0,22.0,36.4,10.0,14.0,71.4,28.0,9.0,37.0,16.0,7.0,16.0,0.0,0.0,21.0,19.0,91.0,KK Sloga,/match/15/22/2/Boxscore/q1/1/home/sloga-spars/,86,2022/2023
160,4,Sloga-Podgorica,L,66.0,38.3,14.0,33.0,42.4,9.0,27.0,33.3,11.0,20.0,55.0,25.0,8.0,33.0,14.0,8.0,12.0,5.0,3.0,24.0,24.0,65.0,KK Sloga,/match/28/22/2/Boxscore/q1/1/home/sloga-podgorica-bemax/,86,2022/2023
161,5,TFT-Sloga,W,92.0,59.7,30.0,42.0,71.4,7.0,20.0,35.0,11.0,20.0,55.0,22.0,11.0,33.0,22.0,10.0,17.0,5.0,2.0,16.0,20.0,113.0,KK Sloga,/match/30/22/2/Boxscore/q1/1/home/tft-mozzart-skopje-sloga/,86,2022/2023
162,6,Sloga-GGD Šenčur,W,95.0,48.5,24.0,41.0,58.5,8.0,25.0,32.0,23.0,31.0,74.2,22.0,11.0,33.0,19.0,5.0,16.0,4.0,2.0,28.0,32.0,100.0,KK Sloga,/match/41/22/2/Boxscore/q1/1/home/sloga-ggd-sencur/,86,2022/2023
163,7,Široki-Sloga,W,86.0,49.2,21.0,38.0,55.3,11.0,27.0,40.7,11.0,19.0,57.9,18.0,7.0,25.0,21.0,9.0,14.0,4.0,3.0,24.0,23.0,86.0,KK Sloga,/match/45/22/2/Boxscore/q1/1/home/siroki-tt-kabeli-sloga/,86,2022/2023
164,8,Sloga-Vr. Osijek,W,84.0,46.0,19.0,40.0,47.5,10.0,23.0,43.5,16.0,21.0,76.2,20.0,8.0,28.0,19.0,8.0,14.0,7.0,2.0,21.0,25.0,95.0,KK Sloga,/match/54/22/2/Boxscore/q1/1/home/sloga-vrijednosnice-osijek/,86,2022/2023
165,9,Gorica-Sloga,L,76.0,51.7,25.0,41.0,61.0,5.0,17.0,29.4,11.0,16.0,68.8,17.0,6.0,23.0,18.0,11.0,15.0,0.0,0.0,26.0,21.0,75.0,KK Sloga,/match/60/22/2/Boxscore/q1/1/home/gorica-sloga/,86,2022/2023
166,10,Sloga-Borac BL,W,73.0,49.2,26.0,45.0,57.8,3.0,14.0,21.4,12.0,20.0,60.0,21.0,3.0,24.0,12.0,13.0,14.0,2.0,2.0,20.0,21.0,71.0,KK Sloga,/match/67/22/2/Boxscore/q1/1/home/sloga-borac-wwin/,86,2022/2023
167,11,Helios-Sloga,L,70.0,42.9,17.0,39.0,43.6,10.0,24.0,41.7,6.0,7.0,85.7,23.0,6.0,29.0,15.0,8.0,15.0,0.0,3.0,18.0,15.0,64.0,KK Sloga,/match/75/22/2/Boxscore/q1/1/home/kansai-helios-domzale-sloga/,86,2022/2023
168,12,Sloga-Pelister,L,93.0,50.0,30.0,44.0,68.2,5.0,26.0,19.2,18.0,24.0,75.0,19.0,14.0,33.0,19.0,6.0,16.0,1.0,2.0,20.0,18.0,91.0,KK Sloga,/match/80/22/2/Boxscore/q1/1/home/sloga-pelister-bitola/,86,2022/2023
169,13,Sutjeska-Sloga,L,70.0,46.0,26.0,38.0,68.4,3.0,25.0,12.0,9.0,14.0,64.3,28.0,12.0,40.0,17.0,10.0,20.0,2.0,1.0,17.0,17.0,79.0,KK Sloga,/match/90/22/2/Boxscore/q1/1/home/sutjeska-elektroprivreda-sloga/,86,2022/2023
170,1,TFT-Pelister,L,65.0,39.1,20.0,40.0,50.0,5.0,24.0,20.8,10.0,17.0,58.8,22.0,9.0,31.0,13.0,12.0,16.0,1.0,1.0,28.0,21.0,52.0,KK TFT Mozzart Skopje,/match/4/22/2/Boxscore/q1/1/home/tft-mozzart-skopje-pelister-bitola/,87,2022/2023
171,2,Sutjeska-TFT,L,69.0,40.3,17.0,33.0,51.5,8.0,29.0,27.6,11.0,16.0,68.8,22.0,5.0,27.0,14.0,6.0,14.0,1.0,2.0,25.0,17.0,51.0,KK TFT Mozzart Skopje,/match/12/22/2/Boxscore/q1/1/home/sutjeska-elektroprivreda-tft-mozzart-skopje/,87,2022/2023
172,3,TFT-Zlatibor,L,76.0,51.7,21.0,39.0,53.8,10.0,21.0,47.6,4.0,5.0,80.0,26.0,3.0,29.0,16.0,7.0,16.0,1.0,1.0,25.0,16.0,73.0,KK TFT Mozzart Skopje,/match/17/22/2/Boxscore/q1/1/home/tft-mozzart-skopje-zlatibor-mozzart/,87,2022/2023
173,4,Krka-TFT,L,83.0,44.6,23.0,38.0,60.5,10.0,36.0,27.8,7.0,14.0,50.0,16.0,9.0,25.0,13.0,8.0,7.0,3.0,1.0,15.0,16.0,77.0,KK TFT Mozzart Skopje,/match/27/22/2/Boxscore/q1/1/home/krka-tft-mozzart-skopje/,87,2022/2023
174,5,TFT-Sloga,L,88.0,50.0,16.0,30.0,53.3,16.0,34.0,47.1,8.0,17.0,47.1,17.0,7.0,24.0,19.0,9.0,15.0,2.0,5.0,20.0,16.0,77.0,KK TFT Mozzart Skopje,/match/30/22/2/Boxscore/q1/1/home/tft-mozzart-skopje-sloga/,87,2022/2023
175,6,Podgorica-TFT,W,95.0,46.2,20.0,41.0,48.8,10.0,24.0,41.7,25.0,34.0,73.5,22.0,4.0,26.0,20.0,11.0,14.0,4.0,1.0,27.0,26.0,96.0,KK TFT Mozzart Skopje,/match/42/22/2/Boxscore/q1/1/home/podgorica-bemax-tft-mozzart-skopje/,87,2022/2023
176,7,TFT-Spars,W,102.0,52.8,28.0,46.0,60.9,10.0,26.0,38.5,16.0,21.0,76.2,28.0,8.0,36.0,20.0,12.0,10.0,3.0,2.0,23.0,22.0,121.0,KK TFT Mozzart Skopje,/match/43/22/2/Boxscore/q1/1/home/tft-mozzart-skopje-spars/,87,2022/2023
177,8,TFT-GGD Šenčur,L,74.0,40.7,12.0,25.0,48.0,10.0,29.0,34.5,20.0,24.0,83.3,22.0,7.0,29.0,12.0,6.0,19.0,5.0,3.0,24.0,22.0,66.0,KK TFT Mozzart Skopje,/match/56/22/2/Boxscore/q1/1/home/tft-mozzart-skopje-ggd-sencur/,87,2022/2023
178,9,Široki-TFT,L,58.0,37.5,9.0,24.0,37.5,9.0,24.0,37.5,13.0,16.0,81.3,21.0,4.0,25.0,11.0,9.0,24.0,5.0,2.0,22.0,22.0,49.0,KK TFT Mozzart Skopje,/match/58/22/2/Boxscore/q1/1/home/siroki-tt-kabeli-tft-mozzart-skopje/,87,2022/2023
179,10,TFT-Vr. Osijek,W,74.0,39.7,12.0,32.0,37.5,11.0,26.0,42.3,17.0,26.0,65.4,28.0,9.0,37.0,18.0,9.0,14.0,5.0,4.0,20.0,21.0,82.0,KK TFT Mozzart Skopje,/match/69/22/2/Boxscore/q1/1/home/tft-mozzart-skopje-vrijednosnice-osijek/,87,2022/2023
180,11,Gorica-TFT,L,64.0,46.2,14.0,22.0,63.6,10.0,30.0,33.3,6.0,10.0,60.0,25.0,3.0,28.0,16.0,3.0,12.0,1.0,1.0,19.0,18.0,66.0,KK TFT Mozzart Skopje,/match/73/22/2/Boxscore/q1/1/home/gorica-tft-mozzart-skopje/,87,2022/2023
181,12,TFT-Borac BL,L,75.0,45.5,17.0,33.0,51.5,13.0,33.0,39.4,2.0,6.0,33.3,14.0,7.0,21.0,16.0,10.0,13.0,4.0,2.0,25.0,15.0,61.0,KK TFT Mozzart Skopje,/match/82/22/2/Boxscore/q1/1/home/tft-mozzart-skopje-borac-wwin/,87,2022/2023
182,13,Helios-TFT,L,61.0,42.6,10.0,22.0,45.5,10.0,25.0,40.0,11.0,15.0,73.3,16.0,4.0,20.0,13.0,7.0,17.0,2.0,3.0,20.0,13.0,45.0,KK TFT Mozzart Skopje,/match/88/22/2/Boxscore/q1/1/home/kansai-helios-domzale-tft-mozzart-skopje/,87,2022/2023
183,1,GGD Šenčur-Helios,L,79.0,46.5,24.0,46.0,52.2,9.0,25.0,36.0,4.0,7.0,57.1,20.0,8.0,28.0,21.0,10.0,11.0,3.0,4.0,22.0,11.0,74.0,KK Gorenjska gradbena družba Šenčur,/match/5/22/2/Boxscore/q1/1/home/ggd-sencur-kansai-helios-domzale/,88,2022/2023
184,2,Pelister-GGD Šenčur,L,67.0,42.2,23.0,44.0,52.3,4.0,20.0,20.0,9.0,18.0,50.0,33.0,13.0,46.0,22.0,5.0,20.0,5.0,1.0,22.0,20.0,76.0,KK Gorenjska gradbena družba Šenčur,/match/11/22/2/Boxscore/q1/1/home/pelister-bitola-ggd-sencur/,88,2022/2023
185,3,GGD Šenčur-Sutjeska,L,63.0,40.0,15.0,34.0,44.1,7.0,21.0,33.3,12.0,24.0,50.0,26.0,13.0,39.0,15.0,9.0,23.0,3.0,0.0,27.0,24.0,58.0,KK Gorenjska gradbena družba Šenčur,/match/18/22/2/Boxscore/q1/1/home/ggd-sencur-sutjeska-elektroprivreda/,88,2022/2023
186,4,Zlatibor-GGD Šenčur,L,62.0,43.9,22.0,37.0,59.5,3.0,20.0,15.0,9.0,11.0,81.8,19.0,8.0,27.0,10.0,7.0,13.0,1.0,2.0,22.0,19.0,55.0,KK Gorenjska gradbena družba Šenčur,/match/26/22/2/Boxscore/q1/1/home/zlatibor-mozzart-ggd-sencur/,88,2022/2023
187,5,GGD Šenčur-Krka,L,63.0,37.5,18.0,42.0,42.9,3.0,14.0,21.4,18.0,19.0,94.7,27.0,8.0,35.0,11.0,6.0,17.0,2.0,2.0,26.0,20.0,56.0,KK Gorenjska gradbena družba Šenčur,/match/31/22/2/Boxscore/q1/1/home/ggd-sencur-krka/,88,2022/2023
188,6,Sloga-GGD Šenčur,L,94.0,40.7,28.0,55.0,50.9,7.0,31.0,22.6,17.0,26.0,65.4,20.0,19.0,39.0,19.0,7.0,14.0,2.0,4.0,32.0,28.0,79.0,KK Gorenjska gradbena družba Šenčur,/match/41/22/2/Boxscore/q1/1/home/sloga-ggd-sencur/,88,2022/2023
189,7,GGD Šenčur-Podgorica,L,67.0,38.9,18.0,38.0,47.4,3.0,16.0,18.8,22.0,30.0,73.3,16.0,11.0,27.0,13.0,8.0,17.0,4.0,3.0,25.0,28.0,61.0,KK Gorenjska gradbena družba Šenčur,/match/44/22/2/Boxscore/q1/1/home/ggd-sencur-podgorica-bemax/,88,2022/2023
190,8,TFT-GGD Šenčur,W,91.0,50.7,31.0,49.0,63.3,5.0,22.0,22.7,14.0,23.0,60.9,25.0,10.0,35.0,27.0,14.0,11.0,3.0,5.0,22.0,24.0,112.0,KK Gorenjska gradbena družba Šenčur,/match/56/22/2/Boxscore/q1/1/home/tft-mozzart-skopje-ggd-sencur/,88,2022/2023
191,9,GGD Šenčur-Spars,W,76.0,50.0,26.0,45.0,57.8,7.0,21.0,33.3,3.0,4.0,75.0,29.0,8.0,37.0,20.0,6.0,11.0,6.0,0.0,22.0,15.0,93.0,KK Gorenjska gradbena družba Šenčur,/match/57/22/2/Boxscore/q1/1/home/ggd-sencur-spars/,88,2022/2023
192,10,GGD Šenčur-Široki,L,61.0,35.4,15.0,40.0,37.5,8.0,25.0,32.0,7.0,14.0,50.0,20.0,12.0,32.0,13.0,4.0,9.0,6.0,3.0,25.0,19.0,49.0,KK Gorenjska gradbena družba Šenčur,/match/70/22/2/Boxscore/q1/1/home/ggd-sencur-siroki-tt-kabeli/,88,2022/2023
193,11,Vr. Osijek-GGD Šenčur,W,84.0,50.0,22.0,39.0,56.4,7.0,19.0,36.8,19.0,30.0,63.3,28.0,12.0,40.0,17.0,4.0,7.0,7.0,1.0,26.0,24.0,102.0,KK Gorenjska gradbena družba Šenčur,/match/72/22/2/Boxscore/q1/1/home/vrijednosnice-osijek-ggd-sencur/,88,2022/2023
194,12,GGD Šenčur-Gorica,W,74.0,48.3,22.0,39.0,56.4,6.0,19.0,31.6,12.0,21.0,57.1,23.0,15.0,38.0,19.0,9.0,16.0,1.0,0.0,22.0,20.0,84.0,KK Gorenjska gradbena družba Šenčur,/match/83/22/2/Boxscore/q1/1/home/ggd-sencur-gorica/,88,2022/2023
195,13,Borac BL-GGD Šenčur,L,61.0,39.3,18.0,38.0,47.4,6.0,23.0,26.1,7.0,14.0,50.0,22.0,9.0,31.0,14.0,8.0,8.0,5.0,1.0,22.0,19.0,63.0,KK Gorenjska gradbena družba Šenčur,/match/87/22/2/Boxscore/q1/1/home/borac-wwin-ggd-sencur/,88,2022/2023
196,1,Vojvodina-Široki,W,80.0,44.4,19.0,36.0,52.8,9.0,27.0,33.3,15.0,20.0,75.0,26.0,9.0,35.0,11.0,7.0,9.0,0.0,1.0,18.0,25.0,90.0,HKK Široki TT Kabeli,/match/6/23/2/Boxscore/q1/1/home/vojvodina-mts-siroki-tt-kabeli/,6,2023/2024
197,2,Široki-TFT,W,85.0,55.0,21.0,31.0,67.7,12.0,29.0,41.4,7.0,9.0,77.8,21.0,7.0,28.0,21.0,6.0,11.0,0.0,1.0,15.0,18.0,102.0,HKK Široki TT Kabeli,/match/9/23/2/Boxscore/q1/1/home/siroki-tt-kabeli-tft-mozzart-skopje/,6,2023/2024
198,3,Zlatibor-Široki,L,72.0,39.4,18.0,38.0,47.4,8.0,28.0,28.6,12.0,22.0,54.5,13.0,11.0,24.0,7.0,6.0,11.0,4.0,3.0,26.0,26.0,49.0,HKK Široki TT Kabeli,/match/21/23/2/Boxscore/q1/1/home/zlatibor-mozzart-siroki-tt-kabeli/,6,2023/2024
199,4,Šibenka-Široki,W,80.0,44.0,26.0,40.0,65.0,7.0,35.0,20.0,7.0,14.0,50.0,20.0,13.0,33.0,12.0,9.0,7.0,0.0,0.0,15.0,18.0,81.0,HKK Široki TT Kabeli,/match/22/23/2/Boxscore/q1/1/home/sibenka-siroki-tt-kabeli/,6,2023/2024
200,5,Široki-Ced Jr.,W,84.0,40.3,23.0,38.0,60.5,6.0,34.0,17.6,20.0,24.0,83.3,24.0,13.0,37.0,15.0,4.0,4.0,0.0,4.0,21.0,22.0,86.0,HKK Široki TT Kabeli,/match/35/23/2/Boxscore/q1/1/home/siroki-tt-kabeli-cedevita-junior/,6,2023/2024
201,6,Pelister-Široki,W,75.0,43.9,20.0,35.0,57.1,9.0,31.0,29.0,8.0,12.0,66.7,20.0,15.0,35.0,14.0,11.0,18.0,1.0,2.0,22.0,18.0,71.0,HKK Široki TT Kabeli,/match/37/23/2/Boxscore/q1/1/home/pelister-bitola-siroki-tt-kabeli/,6,2023/2024
202,7,Široki-Helios,W,82.0,48.4,20.0,40.0,50.0,11.0,24.0,45.8,9.0,17.0,52.9,23.0,13.0,36.0,16.0,10.0,11.0,5.0,3.0,19.0,19.0,94.0,HKK Široki TT Kabeli,/match/48/23/2/Boxscore/q1/1/home/siroki-tt-kabeli-kansai-helios-domzale/,6,2023/2024
203,8,Sutjeska-Široki,W,81.0,45.2,18.0,38.0,47.4,10.0,24.0,41.7,15.0,22.0,68.2,18.0,8.0,26.0,14.0,11.0,8.0,0.0,2.0,21.0,21.0,81.0,HKK Široki TT Kabeli,/match/52/23/2/Boxscore/q1/1/home/sutjeska-elektroprivreda-siroki-tt-kabeli/,6,2023/2024
204,9,Široki-Borac BL,L,68.0,32.3,8.0,28.0,28.6,12.0,34.0,35.3,16.0,22.0,72.7,20.0,8.0,28.0,11.0,7.0,6.0,3.0,2.0,23.0,22.0,60.0,HKK Široki TT Kabeli,/match/61/23/2/Boxscore/q1/1/home/siroki-tt-kabeli-borac-wwin/,6,2023/2024
205,10,Podgorica-Široki,L,77.0,40.9,17.0,32.0,53.1,10.0,34.0,29.4,13.0,17.0,76.5,18.0,11.0,29.0,15.0,8.0,15.0,1.0,2.0,19.0,22.0,73.0,HKK Široki TT Kabeli,/match/67/23/2/Boxscore/q1/1/home/podgorica-bemax-siroki-tt-kabeli/,6,2023/2024
206,11,Široki-Spartak,L,67.0,33.9,15.0,34.0,44.1,6.0,28.0,21.4,19.0,24.0,79.2,17.0,10.0,27.0,9.0,7.0,11.0,2.0,5.0,19.0,23.0,54.0,HKK Široki TT Kabeli,/match/74/23/2/Boxscore/q1/1/home/siroki-tt-kabeli-spartak-office-shoes/,6,2023/2024
207,12,GGD Šenčur-Široki,W,79.0,48.3,27.0,37.0,73.0,2.0,23.0,8.7,19.0,28.0,67.9,27.0,11.0,38.0,15.0,9.0,15.0,0.0,2.0,22.0,25.0,87.0,HKK Široki TT Kabeli,/match/82/23/2/Boxscore/q1/1/home/ggd-sencur-siroki-tt-kabeli/,6,2023/2024
208,13,Široki-MZT Skopje,W,82.0,41.8,17.0,34.0,50.0,11.0,33.0,33.3,15.0,23.0,65.2,26.0,19.0,45.0,20.0,7.0,10.0,4.0,2.0,28.0,23.0,94.0,HKK Široki TT Kabeli,/match/87/23/2/Boxscore/q1/1/home/siroki-tt-kabeli-mzt-skopje-aerodrom/,6,2023/2024
209,14,MZT Skopje-Široki,L,69.0,40.7,15.0,33.0,45.5,9.0,26.0,34.6,12.0,17.0,70.6,19.0,11.0,30.0,10.0,7.0,14.0,1.0,4.0,26.0,20.0,53.0,HKK Široki TT Kabeli,/match/95/23/2/Boxscore/q1/1/home/mzt-skopje-aerodrom-siroki-tt-kabeli/,6,2023/2024
210,15,Široki-MZT Skopje,W,70.0,40.4,13.0,26.0,50.0,8.0,26.0,30.8,20.0,30.0,66.7,22.0,5.0,27.0,17.0,9.0,11.0,4.0,3.0,20.0,25.0,77.0,HKK Široki TT Kabeli,/match/99/23/2/Boxscore/q1/1/home/siroki-tt-kabeli-mzt-skopje-aerodrom/,6,2023/2024
211,1,Spartak-Helios,L,73.0,44.8,20.0,39.0,51.3,10.0,28.0,35.7,3.0,4.0,75.0,13.0,7.0,20.0,12.0,4.0,10.0,3.0,9.0,24.0,17.0,48.0,KK Kansai Helios Domžale,/match/3/23/2/Boxscore/q1/1/home/spartak-office-shoes-kansai-helios-domzale/,20,2023/2024
212,2,Helios-GGD Šenčur,L,71.0,40.7,17.0,32.0,53.1,5.0,22.0,22.7,22.0,25.0,88.0,18.0,7.0,25.0,8.0,4.0,13.0,0.0,1.0,19.0,26.0,66.0,KK Kansai Helios Domžale,/match/12/23/2/Boxscore/q1/1/home/kansai-helios-domzale-ggd-sencur/,20,2023/2024
213,3,MZT Skopje-Helios,W,87.0,49.1,17.0,30.0,56.7,11.0,27.0,40.7,20.0,28.0,71.4,24.0,6.0,30.0,16.0,5.0,10.0,1.0,3.0,15.0,26.0,100.0,KK Kansai Helios Domžale,/match/18/23/2/Boxscore/q1/1/home/mzt-skopje-aerodrom-kansai-helios-domzale/,20,2023/2024
214,4,Helios-Vojvodina,L,83.0,41.5,14.0,25.0,56.0,13.0,40.0,32.5,16.0,23.0,69.6,33.0,7.0,40.0,17.0,3.0,14.0,2.0,0.0,27.0,25.0,84.0,KK Kansai Helios Domžale,/match/25/23/2/Boxscore/q1/1/home/kansai-helios-domzale-vojvodina-mts/,20,2023/2024
215,5,TFT-Helios,W,70.0,38.3,18.0,38.0,47.4,5.0,22.0,22.7,19.0,24.0,79.2,29.0,11.0,40.0,20.0,7.0,12.0,5.0,3.0,15.0,24.0,94.0,KK Kansai Helios Domžale,/match/33/23/2/Boxscore/q1/1/home/tft-mozzart-skopje-kansai-helios-domzale/,20,2023/2024
216,6,Helios-Zlatibor,L,72.0,43.8,20.0,33.0,60.6,8.0,31.0,25.8,8.0,8.0,100.0,13.0,11.0,24.0,13.0,6.0,10.0,1.0,2.0,16.0,17.0,69.0,KK Kansai Helios Domžale,/match/38/23/2/Boxscore/q1/1/home/kansai-helios-domzale-zlatibor-mozzart/,20,2023/2024
217,7,Široki-Helios,L,63.0,39.1,22.0,37.0,59.5,5.0,32.0,15.6,4.0,6.0,66.7,21.0,17.0,38.0,12.0,7.0,15.0,3.0,5.0,19.0,19.0,59.0,KK Kansai Helios Domžale,/match/48/23/2/Boxscore/q1/1/home/siroki-tt-kabeli-kansai-helios-domzale/,20,2023/2024
218,8,Helios-Ced Jr.,W,88.0,42.7,21.0,39.0,53.8,11.0,36.0,30.6,13.0,15.0,86.7,16.0,15.0,31.0,17.0,19.0,14.0,3.0,3.0,17.0,19.0,98.0,KK Kansai Helios Domžale,/match/51/23/2/Boxscore/q1/1/home/kansai-helios-domzale-cedevita-junior/,20,2023/2024
219,9,Pelister-Helios,L,81.0,50.0,23.0,32.0,71.9,8.0,30.0,26.7,11.0,18.0,61.1,24.0,16.0,40.0,20.0,5.0,15.0,4.0,3.0,19.0,19.0,94.0,KK Kansai Helios Domžale,/match/63/23/2/Boxscore/q1/1/home/pelister-bitola-kansai-helios-domzale/,20,2023/2024
220,10,Šibenka-Helios,W,88.0,42.0,20.0,39.0,51.3,9.0,30.0,30.0,21.0,23.0,91.3,22.0,9.0,31.0,22.0,17.0,12.0,1.0,5.0,16.0,21.0,105.0,KK Kansai Helios Domžale,/match/64/23/2/Boxscore/q1/1/home/sibenka-kansai-helios-domzale/,20,2023/2024
221,11,Helios-Sutjeska,L,53.0,32.8,14.0,22.0,63.6,6.0,39.0,15.4,7.0,8.0,87.5,17.0,6.0,23.0,11.0,13.0,15.0,2.0,0.0,23.0,15.0,37.0,KK Kansai Helios Domžale,/match/77/23/2/Boxscore/q1/1/home/kansai-helios-domzale-sutjeska-elektroprivreda/,20,2023/2024
222,12,Borac BL-Helios,W,0.0,0.0,0.0,0.0,0.0,0.0,0.0,0.0,0.0,0.0,0.0,0.0,0.0,0.0,0.0,0.0,0.0,0.0,0.0,0.0,0.0,0.0,KK Kansai Helios Domžale,/match/79/23/2/Boxscore/q1/1/home/borac-wwin-kansai-helios-domzale/,20,2023/2024
223,13,Helios-Podgorica,W,76.0,38.0,19.0,37.0,51.4,8.0,34.0,23.5,14.0,15.0,93.3,25.0,14.0,39.0,17.0,9.0,12.0,0.0,5.0,22.0,19.0,76.0,KK Kansai Helios Domžale,/match/90/23/2/Boxscore/q1/1/home/kansai-helios-domzale-podgorica-bemax/,20,2023/2024
224,14,Helios-Spartak,L,71.0,34.9,14.0,32.0,43.8,8.0,31.0,25.8,19.0,25.0,76.0,20.0,10.0,30.0,12.0,9.0,12.0,1.0,5.0,24.0,21.0,56.0,KK Kansai Helios Domžale,/match/92/23/2/Boxscore/q1/1/home/kansai-helios-domzale-spartak-office-shoes/,20,2023/2024
225,15,Spartak-Helios,L,68.0,44.8,20.0,33.0,60.6,6.0,25.0,24.0,10.0,11.0,90.9,14.0,8.0,22.0,10.0,13.0,14.0,2.0,7.0,18.0,19.0,62.0,KK Kansai Helios Domžale,/match/96/23/2/Boxscore/q1/1/home/spartak-office-shoes-kansai-helios-domzale/,20,2023/2024
226,1,Borac BL-Šibenka,L,81.0,43.8,13.0,30.0,43.3,15.0,34.0,44.1,10.0,15.0,66.7,21.0,8.0,29.0,12.0,10.0,14.0,1.0,1.0,20.0,19.0,76.0,KK Šibenka,/match/1/23/2/Boxscore/q1/1/home/borac-wwin-sibenka/,23,2023/2024
227,2,Šibenka-Zlatibor,L,80.0,37.9,16.0,43.0,37.2,9.0,23.0,39.1,21.0,28.0,75.0,28.0,7.0,35.0,17.0,7.0,15.0,3.0,6.0,19.0,25.0,79.0,KK Šibenka,/match/8/23/2/Boxscore/q1/1/home/sibenka-zlatibor-mozzart/,23,2023/2024
228,3,Podgorica-Šibenka,L,74.0,48.3,19.0,36.0,52.8,9.0,22.0,40.9,9.0,14.0,64.3,24.0,3.0,27.0,12.0,2.0,15.0,3.0,0.0,17.0,21.0,72.0,KK Šibenka,/match/15/23/2/Boxscore/q1/1/home/podgorica-bemax-sibenka/,23,2023/2024
229,4,Šibenka-Široki,L,73.0,55.6,21.0,32.0,65.6,9.0,22.0,40.9,4.0,6.0,66.7,25.0,2.0,27.0,13.0,2.0,16.0,0.0,0.0,18.0,14.0,69.0,KK Šibenka,/match/22/23/2/Boxscore/q1/1/home/sibenka-siroki-tt-kabeli/,23,2023/2024
230,5,Spartak-Šibenka,L,71.0,49.1,19.0,28.0,67.9,8.0,27.0,29.6,9.0,13.0,69.2,23.0,5.0,28.0,12.0,7.0,16.0,4.0,1.0,24.0,20.0,69.0,KK Šibenka,/match/29/23/2/Boxscore/q1/1/home/spartak-office-shoes-sibenka/,23,2023/2024
231,6,Šibenka-Ced Jr.,W,79.0,44.7,29.0,48.0,60.4,5.0,28.0,17.9,6.0,7.0,85.7,26.0,13.0,39.0,17.0,5.0,7.0,5.0,4.0,17.0,16.0,90.0,KK Šibenka,/match/36/23/2/Boxscore/q1/1/home/sibenka-cedevita-junior/,23,2023/2024
232,7,GGD Šenčur-Šibenka,L,57.0,32.3,16.0,40.0,40.0,5.0,25.0,20.0,10.0,12.0,83.3,26.0,14.0,40.0,10.0,6.0,20.0,2.0,5.0,23.0,18.0,39.0,KK Šibenka,/match/43/23/2/Boxscore/q1/1/home/ggd-sencur-sibenka/,23,2023/2024
233,8,Šibenka-Pelister,L,78.0,38.2,21.0,41.0,51.2,8.0,35.0,22.9,12.0,16.0,75.0,24.0,13.0,37.0,11.0,7.0,17.0,2.0,3.0,24.0,20.0,60.0,KK Šibenka,/match/50/23/2/Boxscore/q1/1/home/sibenka-pelister-bitola/,23,2023/2024
234,9,MZT Skopje-Šibenka,L,77.0,45.6,20.0,36.0,55.6,6.0,21.0,28.6,19.0,22.0,86.4,29.0,10.0,39.0,12.0,5.0,21.0,2.0,2.0,18.0,21.0,81.0,KK Šibenka,/match/57/23/2/Boxscore/q1/1/home/mzt-skopje-aerodrom-sibenka/,23,2023/2024
235,10,Šibenka-Helios,L,71.0,43.1,16.0,31.0,51.6,9.0,27.0,33.3,12.0,16.0,75.0,26.0,7.0,33.0,15.0,7.0,24.0,5.0,1.0,21.0,16.0,64.0,KK Šibenka,/match/64/23/2/Boxscore/q1/1/home/sibenka-kansai-helios-domzale/,23,2023/2024
236,11,Vojvodina-Šibenka,L,68.0,41.7,17.0,33.0,51.5,8.0,27.0,29.6,10.0,10.0,100.0,25.0,3.0,28.0,13.0,2.0,15.0,3.0,0.0,24.0,18.0,58.0,KK Šibenka,/match/71/23/2/Boxscore/q1/1/home/vojvodina-mts-sibenka/,23,2023/2024
237,12,Šibenka-Sutjeska,L,72.0,43.3,22.0,39.0,56.4,4.0,21.0,19.0,16.0,22.0,72.7,29.0,4.0,33.0,17.0,7.0,11.0,4.0,5.0,20.0,20.0,77.0,KK Šibenka,/match/78/23/2/Boxscore/q1/1/home/sibenka-sutjeska-elektroprivreda/,23,2023/2024
238,13,TFT-Šibenka,W,89.0,45.2,18.0,33.0,54.5,10.0,29.0,34.5,23.0,27.0,85.2,30.0,11.0,41.0,19.0,3.0,10.0,2.0,3.0,20.0,27.0,110.0,KK Šibenka,/match/85/23/2/Boxscore/q1/1/home/tft-mozzart-skopje-sibenka/,23,2023/2024
239,1,MZT Skopje-Ced Jr.,L,79.0,42.4,20.0,38.0,52.6,8.0,28.0,28.6,15.0,19.0,78.9,18.0,8.0,26.0,13.0,8.0,13.0,0.0,1.0,21.0,22.0,71.0,KK MZT Skopje Aerodrom,/match/5/23/2/Boxscore/q1/1/home/mzt-skopje-aerodrom-cedevita-junior/,32,2023/2024
240,2,Pelister-MZT Skopje,W,91.0,55.4,26.0,39.0,66.7,10.0,26.0,38.5,9.0,9.0,100.0,20.0,6.0,26.0,16.0,10.0,9.0,3.0,5.0,20.0,13.0,96.0,KK MZT Skopje Aerodrom,/match/11/23/2/Boxscore/q1/1/home/pelister-bitola-mzt-skopje-aerodrom/,32,2023/2024
241,3,MZT Skopje-Helios,L,83.0,48.5,25.0,42.0,59.5,8.0,26.0,30.8,9.0,12.0,75.0,23.0,9.0,32.0,19.0,3.0,12.0,3.0,1.0,26.0,14.0,77.0,KK MZT Skopje Aerodrom,/match/18/23/2/Boxscore/q1/1/home/mzt-skopje-aerodrom-kansai-helios-domzale/,32,2023/2024
242,4,Sutjeska-MZT Skopje,W,93.0,51.4,26.0,44.0,59.1,10.0,26.0,38.5,11.0,16.0,68.8,33.0,9.0,42.0,18.0,8.0,8.0,3.0,2.0,26.0,18.0,107.0,KK MZT Skopje Aerodrom,/match/26/23/2/Boxscore/q1/1/home/sutjeska-elektroprivreda-mzt-skopje-aerodrom/,32,2023/2024
243,5,MZT Skopje-Borac BL,W,67.0,40.7,14.0,29.0,48.3,8.0,25.0,32.0,15.0,23.0,65.2,25.0,8.0,33.0,16.0,9.0,14.0,5.0,0.0,16.0,22.0,82.0,KK MZT Skopje Aerodrom,/match/31/23/2/Boxscore/q1/1/home/mzt-skopje-aerodrom-borac-wwin/,32,2023/2024
244,6,Podgorica-MZT Skopje,W,78.0,41.2,19.0,32.0,59.4,9.0,36.0,25.0,13.0,17.0,76.5,29.0,13.0,42.0,13.0,6.0,10.0,6.0,2.0,25.0,21.0,85.0,KK MZT Skopje Aerodrom,/match/41/23/2/Boxscore/q1/1/home/podgorica-bemax-mzt-skopje-aerodrom/,32,2023/2024
245,7,MZT Skopje-Spartak,L,81.0,46.4,23.0,43.0,53.5,9.0,26.0,34.6,8.0,9.0,88.9,23.0,7.0,30.0,16.0,9.0,4.0,3.0,2.0,23.0,20.0,92.0,KK MZT Skopje Aerodrom,/match/44/23/2/Boxscore/q1/1/home/mzt-skopje-aerodrom-spartak-office-shoes/,32,2023/2024
246,8,GGD Šenčur-MZT Skopje,W,75.0,48.2,19.0,38.0,50.0,8.0,18.0,44.4,13.0,16.0,81.3,22.0,4.0,26.0,15.0,10.0,17.0,7.0,4.0,20.0,20.0,80.0,KK MZT Skopje Aerodrom,/match/56/23/2/Boxscore/q1/1/home/ggd-sencur-mzt-skopje-aerodrom/,32,2023/2024
247,9,MZT Skopje-Šibenka,W,93.0,46.2,25.0,46.0,54.3,11.0,32.0,34.4,10.0,13.0,76.9,18.0,10.0,28.0,15.0,15.0,6.0,2.0,2.0,21.0,18.0,97.0,KK MZT Skopje Aerodrom,/match/57/23/2/Boxscore/q1/1/home/mzt-skopje-aerodrom-sibenka/,32,2023/2024
248,10,MZT Skopje-Vojvodina,W,89.0,45.9,13.0,27.0,48.1,15.0,34.0,44.1,18.0,20.0,90.0,18.0,6.0,24.0,17.0,5.0,8.0,4.0,2.0,25.0,22.0,91.0,KK MZT Skopje Aerodrom,/match/70/23/2/Boxscore/q1/1/home/mzt-skopje-aerodrom-vojvodina-mts/,32,2023/2024
249,11,TFT-MZT Skopje,W,95.0,51.7,21.0,35.0,60.0,9.0,23.0,39.1,26.0,32.0,81.3,28.0,10.0,38.0,25.0,6.0,9.0,2.0,3.0,20.0,25.0,125.0,KK MZT Skopje Aerodrom,/match/72/23/2/Boxscore/q1/1/home/tft-mozzart-skopje-mzt-skopje-aerodrom/,32,2023/2024
250,12,MZT Skopje-Zlatibor,L,85.0,40.3,20.0,41.0,48.8,9.0,31.0,29.0,18.0,27.0,66.7,24.0,12.0,36.0,25.0,8.0,5.0,2.0,2.0,24.0,24.0,97.0,KK MZT Skopje Aerodrom,/match/83/23/2/Boxscore/q1/1/home/mzt-skopje-aerodrom-zlatibor-mozzart/,32,2023/2024
251,13,Široki-MZT Skopje,L,79.0,41.5,21.0,35.0,60.0,6.0,30.0,20.0,19.0,24.0,79.2,21.0,10.0,31.0,10.0,5.0,11.0,2.0,4.0,23.0,28.0,74.0,KK MZT Skopje Aerodrom,/match/87/23/2/Boxscore/q1/1/home/siroki-tt-kabeli-mzt-skopje-aerodrom/,32,2023/2024
252,14,MZT Skopje-Široki,W,85.0,48.3,22.0,36.0,61.1,7.0,24.0,29.2,20.0,26.0,76.9,20.0,8.0,28.0,13.0,4.0,7.0,4.0,1.0,20.0,25.0,94.0,KK MZT Skopje Aerodrom,/match/95/23/2/Boxscore/q1/1/home/mzt-skopje-aerodrom-siroki-tt-kabeli/,32,2023/2024
253,15,Široki-MZT Skopje,L,68.0,43.9,17.0,32.0,53.1,8.0,25.0,32.0,10.0,15.0,66.7,22.0,7.0,29.0,15.0,5.0,12.0,3.0,4.0,25.0,20.0,62.0,KK MZT Skopje Aerodrom,/match/99/23/2/Boxscore/q1/1/home/siroki-tt-kabeli-mzt-skopje-aerodrom/,32,2023/2024
254,16,MZT Skopje-Spartak,L,73.0,41.3,19.0,34.0,55.9,7.0,29.0,24.1,14.0,18.0,77.8,21.0,3.0,24.0,15.0,11.0,5.0,3.0,2.0,20.0,18.0,76.0,KK MZT Skopje Aerodrom,/match/100/23/2/Boxscore/q1/1/home/mzt-skopje-aerodrom-spartak-office-shoes/,32,2023/2024
255,17,Spartak-MZT Skopje,L,64.0,40.0,18.0,37.0,48.6,4.0,18.0,22.2,16.0,21.0,76.2,19.0,7.0,26.0,9.0,4.0,13.0,0.0,1.0,23.0,19.0,47.0,KK MZT Skopje Aerodrom,/match/102/23/2/Boxscore/q1/1/home/spartak-office-shoes-mzt-skopje-aerodrom/,32,2023/2024
256,1,Podgorica-Sutjeska,W,98.0,53.7,23.0,41.0,56.1,13.0,26.0,50.0,13.0,18.0,72.2,19.0,9.0,28.0,23.0,10.0,13.0,4.0,0.0,28.0,22.0,108.0,KK Sutjeska Elektroprivreda,/match/2/23/2/Boxscore/q1/1/home/podgorica-bemax-sutjeska-elektroprivreda/,37,2023/2024
257,2,Sutjeska-Spartak,L,81.0,50.0,27.0,53.0,50.9,5.0,11.0,45.5,12.0,14.0,85.7,24.0,5.0,29.0,16.0,3.0,13.0,1.0,5.0,25.0,21.0,74.0,KK Sutjeska Elektroprivreda,/match/13/23/2/Boxscore/q1/1/home/sutjeska-elektroprivreda-spartak-office-shoes/,37,2023/2024
258,3,GGD Šenčur-Sutjeska,W,89.0,48.4,18.0,37.0,48.6,12.0,25.0,48.0,17.0,21.0,81.0,25.0,3.0,28.0,15.0,9.0,11.0,2.0,0.0,22.0,27.0,101.0,KK Sutjeska Elektroprivreda,/match/17/23/2/Boxscore/q1/1/home/ggd-sencur-sutjeska-elektroprivreda/,37,2023/2024
259,4,Sutjeska-MZT Skopje,L,64.0,38.9,16.0,28.0,57.1,5.0,26.0,19.2,17.0,27.0,63.0,23.0,3.0,26.0,13.0,3.0,11.0,2.0,3.0,18.0,26.0,59.0,KK Sutjeska Elektroprivreda,/match/26/23/2/Boxscore/q1/1/home/sutjeska-elektroprivreda-mzt-skopje-aerodrom/,37,2023/2024
260,5,Vojvodina-Sutjeska,L,62.0,35.7,22.0,47.0,46.8,3.0,23.0,13.0,9.0,14.0,64.3,20.0,10.0,30.0,7.0,6.0,14.0,2.0,3.0,25.0,23.0,38.0,KK Sutjeska Elektroprivreda,/match/32/23/2/Boxscore/q1/1/home/vojvodina-mts-sutjeska-elektroprivreda/,37,2023/2024
261,6,Sutjeska-TFT,W,74.0,42.1,18.0,34.0,52.9,6.0,23.0,26.1,20.0,26.0,76.9,31.0,6.0,37.0,23.0,7.0,12.0,5.0,2.0,17.0,25.0,101.0,KK Sutjeska Elektroprivreda,/match/39/23/2/Boxscore/q1/1/home/sutjeska-elektroprivreda-tft-mozzart-skopje/,37,2023/2024
262,7,Zlatibor-Sutjeska,L,72.0,43.1,20.0,33.0,60.6,5.0,25.0,20.0,17.0,25.0,68.0,25.0,7.0,32.0,16.0,4.0,11.0,3.0,0.0,16.0,25.0,84.0,KK Sutjeska Elektroprivreda,/match/47/23/2/Boxscore/q1/1/home/zlatibor-mozzart-sutjeska-elektroprivreda/,37,2023/2024
263,8,Sutjeska-Široki,L,76.0,49.1,17.0,27.0,63.0,9.0,26.0,34.6,15.0,24.0,62.5,24.0,7.0,31.0,22.0,4.0,15.0,2.0,0.0,21.0,21.0,84.0,KK Sutjeska Elektroprivreda,/match/52/23/2/Boxscore/q1/1/home/sutjeska-elektroprivreda-siroki-tt-kabeli/,37,2023/2024
264,9,Ced Jr.-Sutjeska,L,76.0,41.8,22.0,40.0,55.0,6.0,27.0,22.2,14.0,24.0,58.3,23.0,10.0,33.0,16.0,5.0,16.0,2.0,2.0,24.0,26.0,67.0,KK Sutjeska Elektroprivreda,/match/62/23/2/Boxscore/q1/1/home/cedevita-junior-sutjeska-elektroprivreda/,37,2023/2024
265,10,Sutjeska-Pelister,W,79.0,45.6,17.0,36.0,47.2,9.0,21.0,42.9,18.0,26.0,69.2,27.0,8.0,35.0,23.0,5.0,10.0,3.0,1.0,19.0,24.0,100.0,KK Sutjeska Elektroprivreda,/match/65/23/2/Boxscore/q1/1/home/sutjeska-elektroprivreda-pelister-bitola/,37,2023/2024
266,11,Helios-Sutjeska,W,74.0,50.0,15.0,27.0,55.6,10.0,23.0,43.5,14.0,22.0,63.6,32.0,10.0,42.0,20.0,7.0,21.0,0.0,2.0,15.0,23.0,95.0,KK Sutjeska Elektroprivreda,/match/77/23/2/Boxscore/q1/1/home/kansai-helios-domzale-sutjeska-elektroprivreda/,37,2023/2024
267,12,Šibenka-Sutjeska,W,80.0,40.0,16.0,26.0,61.5,10.0,39.0,25.6,18.0,24.0,75.0,28.0,11.0,39.0,18.0,7.0,10.0,5.0,4.0,22.0,20.0,88.0,KK Sutjeska Elektroprivreda,/match/78/23/2/Boxscore/q1/1/home/sibenka-sutjeska-elektroprivreda/,37,2023/2024
268,13,Sutjeska-Borac BL,L,75.0,38.7,13.0,29.0,44.8,11.0,33.0,33.3,16.0,22.0,72.7,24.0,8.0,32.0,18.0,4.0,5.0,1.0,1.0,17.0,22.0,85.0,KK Sutjeska Elektroprivreda,/match/91/23/2/Boxscore/q1/1/home/sutjeska-elektroprivreda-borac-wwin/,37,2023/2024
269,14,Sutjeska-Vojvodina,L,84.0,45.0,14.0,31.0,45.2,13.0,29.0,44.8,17.0,25.0,68.0,25.0,6.0,31.0,16.0,2.0,7.0,1.0,1.0,22.0,25.0,88.0,KK Sutjeska Elektroprivreda,/match/93/23/2/Boxscore/q1/1/home/sutjeska-elektroprivreda-vojvodina-mts/,37,2023/2024
270,15,Vojvodina-Sutjeska,L,70.0,41.7,16.0,38.0,42.1,9.0,22.0,40.9,11.0,17.0,64.7,24.0,6.0,30.0,15.0,3.0,10.0,5.0,3.0,21.0,21.0,69.0,KK Sutjeska Elektroprivreda,/match/97/23/2/Boxscore/q1/1/home/vojvodina-mts-sutjeska-elektroprivreda/,37,2023/2024
271,1,TFT-Zlatibor,W,93.0,53.4,24.0,36.0,66.7,7.0,22.0,31.8,24.0,30.0,80.0,19.0,7.0,26.0,13.0,9.0,12.0,5.0,4.0,19.0,25.0,103.0,KK Zlatibor Mozzart,/match/7/23/2/Boxscore/q1/1/home/tft-mozzart-skopje-zlatibor-mozzart/,70,2023/2024
272,2,Šibenka-Zlatibor,W,101.0,51.4,20.0,39.0,51.3,16.0,31.0,51.6,13.0,17.0,76.5,34.0,5.0,39.0,28.0,9.0,13.0,6.0,3.0,25.0,19.0,123.0,KK Zlatibor Mozzart,/match/8/23/2/Boxscore/q1/1/home/sibenka-zlatibor-mozzart/,70,2023/2024
273,3,Zlatibor-Široki,W,98.0,53.3,21.0,38.0,55.3,11.0,22.0,50.0,23.0,28.0,82.1,29.0,8.0,37.0,20.0,3.0,15.0,3.0,4.0,26.0,26.0,109.0,KK Zlatibor Mozzart,/match/21/23/2/Boxscore/q1/1/home/zlatibor-mozzart-siroki-tt-kabeli/,70,2023/2024
274,4,Ced Jr.-Zlatibor,L,85.0,45.9,18.0,29.0,62.1,10.0,32.0,31.3,19.0,24.0,79.2,27.0,12.0,39.0,13.0,3.0,13.0,3.0,3.0,17.0,28.0,100.0,KK Zlatibor Mozzart,/match/23/23/2/Boxscore/q1/1/home/cedevita-junior-zlatibor-mozzart/,70,2023/2024
275,5,Zlatibor-Pelister,W,84.0,40.0,18.0,40.0,45.0,10.0,30.0,33.3,18.0,23.0,78.3,27.0,15.0,42.0,14.0,5.0,10.0,2.0,2.0,21.0,22.0,89.0,KK Zlatibor Mozzart,/match/34/23/2/Boxscore/q1/1/home/zlatibor-mozzart-pelister-bitola/,70,2023/2024
276,6,Helios-Zlatibor,W,89.0,55.9,16.0,27.0,59.3,17.0,32.0,53.1,6.0,7.0,85.7,21.0,8.0,29.0,20.0,3.0,10.0,2.0,1.0,17.0,16.0,104.0,KK Zlatibor Mozzart,/match/38/23/2/Boxscore/q1/1/home/kansai-helios-domzale-zlatibor-mozzart/,70,2023/2024
277,7,Zlatibor-Sutjeska,W,84.0,47.6,17.0,30.0,56.7,13.0,33.0,39.4,11.0,13.0,84.6,28.0,7.0,35.0,23.0,6.0,9.0,0.0,3.0,26.0,15.0,90.0,KK Zlatibor Mozzart,/match/47/23/2/Boxscore/q1/1/home/zlatibor-mozzart-sutjeska-elektroprivreda/,70,2023/2024
278,8,Borac BL-Zlatibor,W,81.0,44.1,19.0,31.0,61.3,7.0,28.0,25.0,22.0,25.0,88.0,29.0,6.0,35.0,16.0,6.0,11.0,3.0,1.0,19.0,22.0,96.0,KK Zlatibor Mozzart,/match/53/23/2/Boxscore/q1/1/home/borac-wwin-zlatibor-mozzart/,70,2023/2024
279,9,Zlatibor-Podgorica,W,90.0,55.6,15.0,27.0,55.6,15.0,27.0,55.6,15.0,19.0,78.9,27.0,7.0,34.0,28.0,7.0,16.0,1.0,1.0,16.0,20.0,119.0,KK Zlatibor Mozzart,/match/60/23/2/Boxscore/q1/1/home/zlatibor-mozzart-podgorica-bemax/,70,2023/2024
280,10,Spartak-Zlatibor,L,95.0,47.5,15.0,28.0,53.6,14.0,33.0,42.4,23.0,23.0,100.0,21.0,7.0,28.0,15.0,3.0,16.0,0.0,5.0,22.0,23.0,89.0,KK Zlatibor Mozzart,/match/68/23/2/Boxscore/q1/1/home/spartak-office-shoes-zlatibor-mozzart/,70,2023/2024
281,11,Zlatibor-GGD Šenčur,W,87.0,54.5,20.0,26.0,76.9,10.0,29.0,34.5,17.0,30.0,56.7,28.0,13.0,41.0,23.0,8.0,16.0,2.0,0.0,17.0,26.0,116.0,KK Zlatibor Mozzart,/match/73/23/2/Boxscore/q1/1/home/zlatibor-mozzart-ggd-sencur/,70,2023/2024
282,12,MZT Skopje-Zlatibor,W,90.0,50.9,21.0,30.0,70.0,8.0,27.0,29.6,24.0,28.0,85.7,32.0,5.0,37.0,20.0,5.0,9.0,2.0,2.0,24.0,24.0,111.0,KK Zlatibor Mozzart,/match/83/23/2/Boxscore/q1/1/home/mzt-skopje-aerodrom-zlatibor-mozzart/,70,2023/2024
283,13,Zlatibor-Vojvodina,L,75.0,49.2,23.0,37.0,62.2,7.0,24.0,29.2,8.0,13.0,61.5,24.0,8.0,32.0,24.0,2.0,10.0,1.0,2.0,18.0,23.0,91.0,KK Zlatibor Mozzart,/match/86/23/2/Boxscore/q1/1/home/zlatibor-mozzart-vojvodina-mts/,70,2023/2024
284,14,Podgorica-Zlatibor,L,89.0,53.3,23.0,31.0,74.2,9.0,29.0,31.0,16.0,20.0,80.0,17.0,2.0,19.0,15.0,2.0,11.0,1.0,4.0,21.0,24.0,82.0,KK Zlatibor Mozzart,/match/94/23/2/Boxscore/q1/1/home/podgorica-bemax-zlatibor-mozzart/,70,2023/2024
285,15,Zlatibor-Podgorica,L,93.0,47.1,20.0,36.0,55.6,12.0,32.0,37.5,17.0,18.0,94.4,23.0,8.0,31.0,22.0,3.0,9.0,0.0,3.0,23.0,17.0,94.0,KK Zlatibor Mozzart,/match/98/23/2/Boxscore/q1/1/home/zlatibor-mozzart-podgorica-bemax/,70,2023/2024
286,1,Podgorica-Sutjeska,L,91.0,50.0,28.0,45.0,62.2,3.0,17.0,17.6,26.0,29.0,89.7,19.0,9.0,28.0,14.0,5.0,17.0,0.0,4.0,22.0,28.0,89.0,KK Podgorica Bemax,/match/2/23/2/Boxscore/q1/1/home/podgorica-bemax-sutjeska-elektroprivreda/,75,2023/2024
287,2,Borac BL-Podgorica,W,67.0,44.8,17.0,31.0,54.8,9.0,27.0,33.3,6.0,8.0,75.0,28.0,10.0,38.0,11.0,5.0,16.0,4.0,1.0,21.0,16.0,69.0,KK Podgorica Bemax,/match/14/23/2/Boxscore/q1/1/home/borac-wwin-podgorica-bemax/,75,2023/2024
288,3,Podgorica-Šibenka,W,91.0,49.3,26.0,43.0,60.5,10.0,30.0,33.3,9.0,12.0,75.0,23.0,11.0,34.0,18.0,6.0,8.0,0.0,3.0,21.0,17.0,94.0,KK Podgorica Bemax,/match/15/23/2/Boxscore/q1/1/home/podgorica-bemax-sibenka/,75,2023/2024
289,4,Podgorica-Spartak,W,78.0,50.0,25.0,39.0,64.1,5.0,21.0,23.8,13.0,17.0,76.5,20.0,7.0,27.0,11.0,4.0,8.0,2.0,0.0,25.0,19.0,74.0,KK Podgorica Bemax,/match/28/23/2/Boxscore/q1/1/home/podgorica-bemax-spartak-office-shoes/,75,2023/2024
290,5,GGD Šenčur-Podgorica,L,68.0,45.6,23.0,45.0,51.1,3.0,12.0,25.0,13.0,22.0,59.1,27.0,10.0,37.0,8.0,6.0,13.0,2.0,3.0,18.0,24.0,71.0,KK Podgorica Bemax,/match/30/23/2/Boxscore/q1/1/home/ggd-sencur-podgorica-bemax/,75,2023/2024
291,6,Podgorica-MZT Skopje,L,74.0,36.9,16.0,37.0,43.2,8.0,28.0,28.6,18.0,25.0,72.0,27.0,12.0,39.0,10.0,5.0,10.0,2.0,6.0,21.0,24.0,69.0,KK Podgorica Bemax,/match/41/23/2/Boxscore/q1/1/home/podgorica-bemax-mzt-skopje-aerodrom/,75,2023/2024
292,7,Vojvodina-Podgorica,W,77.0,38.2,19.0,40.0,47.5,7.0,28.0,25.0,18.0,24.0,75.0,33.0,11.0,44.0,15.0,6.0,8.0,5.0,5.0,21.0,21.0,86.0,KK Podgorica Bemax,/match/45/23/2/Boxscore/q1/1/home/vojvodina-mts-podgorica-bemax/,75,2023/2024
293,8,Podgorica-TFT,W,88.0,46.0,20.0,34.0,58.8,9.0,29.0,31.0,21.0,33.0,63.6,25.0,11.0,36.0,20.0,5.0,13.0,1.0,2.0,20.0,26.0,95.0,KK Podgorica Bemax,/match/54/23/2/Boxscore/q1/1/home/podgorica-bemax-tft-mozzart-skopje/,75,2023/2024
294,9,Zlatibor-Podgorica,L,68.0,42.9,20.0,45.0,44.4,7.0,18.0,38.9,7.0,9.0,77.8,18.0,5.0,23.0,19.0,7.0,12.0,1.0,1.0,20.0,16.0,63.0,KK Podgorica Bemax,/match/60/23/2/Boxscore/q1/1/home/zlatibor-mozzart-podgorica-bemax/,75,2023/2024
295,10,Podgorica-Široki,W,78.0,53.2,30.0,43.0,69.8,3.0,19.0,15.8,9.0,13.0,69.2,24.0,10.0,34.0,15.0,7.0,19.0,2.0,1.0,22.0,19.0,80.0,KK Podgorica Bemax,/match/67/23/2/Boxscore/q1/1/home/podgorica-bemax-siroki-tt-kabeli/,75,2023/2024
296,11,Ced Jr.-Podgorica,W,85.0,50.8,21.0,37.0,56.8,9.0,22.0,40.9,16.0,22.0,72.7,27.0,9.0,36.0,21.0,3.0,11.0,1.0,3.0,20.0,23.0,100.0,KK Podgorica Bemax,/match/75/23/2/Boxscore/q1/1/home/cedevita-junior-podgorica-bemax/,75,2023/2024
297,12,Podgorica-Pelister,W,86.0,49.2,25.0,41.0,61.0,7.0,24.0,29.2,15.0,18.0,83.3,23.0,8.0,31.0,21.0,7.0,10.0,4.0,3.0,16.0,22.0,106.0,KK Podgorica Bemax,/match/80/23/2/Boxscore/q1/1/home/podgorica-bemax-pelister-bitola/,75,2023/2024
298,13,Helios-Podgorica,L,75.0,45.3,16.0,32.0,50.0,8.0,21.0,38.1,19.0,25.0,76.0,25.0,2.0,27.0,17.0,11.0,13.0,5.0,0.0,19.0,22.0,90.0,KK Podgorica Bemax,/match/90/23/2/Boxscore/q1/1/home/kansai-helios-domzale-podgorica-bemax/,75,2023/2024
299,14,Podgorica-Zlatibor,W,113.0,61.6,36.0,52.0,69.2,9.0,21.0,42.9,14.0,15.0,93.3,24.0,7.0,31.0,19.0,6.0,7.0,4.0,1.0,24.0,20.0,132.0,KK Podgorica Bemax,/match/94/23/2/Boxscore/q1/1/home/podgorica-bemax-zlatibor-mozzart/,75,2023/2024
300,15,Zlatibor-Podgorica,W,100.0,52.9,28.0,56.0,50.0,9.0,14.0,64.3,17.0,20.0,85.0,28.0,10.0,38.0,21.0,7.0,7.0,3.0,0.0,17.0,23.0,132.0,KK Podgorica Bemax,/match/98/23/2/Boxscore/q1/1/home/zlatibor-mozzart-podgorica-bemax/,75,2023/2024
301,16,Podgorica-Vojvodina,W,98.0,59.6,22.0,36.0,61.1,12.0,21.0,57.1,18.0,22.0,81.8,29.0,6.0,35.0,16.0,4.0,11.0,2.0,0.0,24.0,21.0,114.0,KK Podgorica Bemax,/match/101/23/2/Boxscore/q1/1/home/podgorica-bemax-vojvodina-mts/,75,2023/2024
302,17,Vojvodina-Podgorica,L,55.0,32.1,13.0,32.0,40.6,4.0,21.0,19.0,17.0,20.0,85.0,16.0,3.0,19.0,8.0,7.0,17.0,1.0,5.0,24.0,24.0,29.0,KK Podgorica Bemax,/match/103/23/2/Boxscore/q1/1/home/vojvodina-mts-podgorica-bemax/,75,2023/2024
303,1,Borac BL-Šibenka,W,88.0,53.2,21.0,31.0,67.7,12.0,31.0,38.7,10.0,13.0,76.9,27.0,3.0,30.0,17.0,8.0,12.0,1.0,1.0,19.0,20.0,100.0,KK Borac WWIN,/match/1/23/2/Boxscore/q1/1/home/borac-wwin-sibenka/,76,2023/2024
304,2,Borac BL-Podgorica,L,66.0,35.5,14.0,34.0,41.2,8.0,28.0,28.6,14.0,15.0,93.3,20.0,9.0,29.0,12.0,6.0,10.0,1.0,4.0,16.0,21.0,64.0,KK Borac WWIN,/match/14/23/2/Boxscore/q1/1/home/borac-wwin-podgorica-bemax/,76,2023/2024
305,3,Spartak-Borac BL,L,68.0,32.1,13.0,33.0,39.4,5.0,23.0,21.7,27.0,31.0,87.1,14.0,11.0,25.0,8.0,7.0,13.0,0.0,6.0,26.0,27.0,48.0,KK Borac WWIN,/match/16/23/2/Boxscore/q1/1/home/spartak-office-shoes-borac-wwin/,76,2023/2024
306,4,Borac BL-GGD Šenčur,W,65.0,40.4,17.0,34.0,50.0,4.0,18.0,22.2,19.0,24.0,79.2,32.0,14.0,46.0,8.0,7.0,17.0,3.0,2.0,18.0,24.0,80.0,KK Borac WWIN,/match/27/23/2/Boxscore/q1/1/home/borac-wwin-ggd-sencur/,76,2023/2024
307,5,MZT Skopje-Borac BL,L,61.0,34.7,17.0,40.0,42.5,8.0,32.0,25.0,3.0,4.0,75.0,22.0,15.0,37.0,11.0,6.0,13.0,0.0,5.0,22.0,16.0,43.0,KK Borac WWIN,/match/31/23/2/Boxscore/q1/1/home/mzt-skopje-aerodrom-borac-wwin/,76,2023/2024
308,6,Borac BL-Vojvodina,L,63.0,33.8,12.0,28.0,42.9,11.0,40.0,27.5,6.0,8.0,75.0,22.0,9.0,31.0,13.0,7.0,9.0,1.0,2.0,25.0,16.0,48.0,KK Borac WWIN,/match/40/23/2/Boxscore/q1/1/home/borac-wwin-vojvodina-mts/,76,2023/2024
309,7,TFT-Borac BL,W,66.0,42.9,18.0,30.0,60.0,6.0,26.0,23.1,12.0,17.0,70.6,24.0,12.0,36.0,16.0,7.0,16.0,0.0,1.0,20.0,24.0,75.0,KK Borac WWIN,/match/46/23/2/Boxscore/q1/1/home/tft-mozzart-skopje-borac-wwin/,76,2023/2024
310,8,Borac BL-Zlatibor,L,79.0,39.7,12.0,39.0,30.8,15.0,29.0,51.7,10.0,10.0,100.0,22.0,7.0,29.0,21.0,6.0,9.0,1.0,3.0,22.0,19.0,80.0,KK Borac WWIN,/match/53/23/2/Boxscore/q1/1/home/borac-wwin-zlatibor-mozzart/,76,2023/2024
311,9,Široki-Borac BL,W,74.0,40.7,15.0,31.0,48.4,9.0,28.0,32.1,17.0,23.0,73.9,33.0,9.0,42.0,19.0,2.0,14.0,2.0,3.0,22.0,22.0,81.0,KK Borac WWIN,/match/61/23/2/Boxscore/q1/1/home/siroki-tt-kabeli-borac-wwin/,76,2023/2024
312,10,Borac BL-Ced Jr.,W,81.0,44.4,22.0,34.0,64.7,6.0,29.0,20.7,19.0,21.0,90.5,23.0,7.0,30.0,13.0,7.0,14.0,3.0,3.0,23.0,18.0,75.0,KK Borac WWIN,/match/66/23/2/Boxscore/q1/1/home/borac-wwin-cedevita-junior/,76,2023/2024
313,11,Pelister-Borac BL,L,72.0,46.8,19.0,30.0,63.3,10.0,32.0,31.3,4.0,8.0,50.0,34.0,6.0,40.0,19.0,6.0,14.0,3.0,1.0,24.0,18.0,82.0,KK Borac WWIN,/match/76/23/2/Boxscore/q1/1/home/pelister-bitola-borac-wwin/,76,2023/2024
314,12,Borac BL-Helios,L,0.0,0.0,0.0,0.0,0.0,0.0,0.0,0.0,0.0,0.0,0.0,0.0,0.0,0.0,0.0,0.0,0.0,0.0,0.0,0.0,0.0,0.0,KK Borac WWIN,/match/79/23/2/Boxscore/q1/1/home/borac-wwin-kansai-helios-domzale/,76,2023/2024
315,13,Sutjeska-Borac BL,W,83.0,43.1,10.0,27.0,37.0,18.0,38.0,47.4,9.0,12.0,75.0,30.0,12.0,42.0,16.0,2.0,10.0,1.0,1.0,22.0,17.0,88.0,KK Borac WWIN,/match/91/23/2/Boxscore/q1/1/home/sutjeska-elektroprivreda-borac-wwin/,76,2023/2024
316,1,GGD Šenčur-Pelister,W,82.0,47.0,23.0,42.0,54.8,8.0,24.0,33.3,12.0,18.0,66.7,22.0,9.0,31.0,13.0,5.0,9.0,3.0,0.0,21.0,22.0,85.0,KK Pelister-Bitola,/match/4/23/2/Boxscore/q1/1/home/ggd-sencur-pelister-bitola/,81,2023/2024
317,2,Pelister-MZT Skopje,L,78.0,41.7,13.0,32.0,40.6,12.0,28.0,42.9,16.0,20.0,80.0,22.0,11.0,33.0,17.0,5.0,16.0,5.0,3.0,13.0,20.0,87.0,KK Pelister-Bitola,/match/11/23/2/Boxscore/q1/1/home/pelister-bitola-mzt-skopje-aerodrom/,81,2023/2024
318,3,Vojvodina-Pelister,L,64.0,37.0,11.0,21.0,52.4,6.0,25.0,24.0,24.0,33.0,72.7,19.0,4.0,23.0,12.0,6.0,17.0,1.0,1.0,23.0,28.0,55.0,KK Pelister-Bitola,/match/19/23/2/Boxscore/q1/1/home/vojvodina-mts-pelister-bitola/,81,2023/2024
319,4,Pelister-TFT,W,83.0,50.0,23.0,40.0,57.5,6.0,18.0,33.3,19.0,31.0,61.3,30.0,8.0,38.0,18.0,6.0,14.0,2.0,3.0,22.0,28.0,95.0,KK Pelister-Bitola,/match/24/23/2/Boxscore/q1/1/home/pelister-bitola-tft-mozzart-skopje/,81,2023/2024
320,5,Zlatibor-Pelister,L,76.0,48.3,24.0,39.0,61.5,4.0,19.0,21.1,16.0,25.0,64.0,24.0,7.0,31.0,17.0,6.0,12.0,2.0,2.0,22.0,21.0,78.0,KK Pelister-Bitola,/match/34/23/2/Boxscore/q1/1/home/zlatibor-mozzart-pelister-bitola/,81,2023/2024
321,6,Pelister-Široki,L,66.0,41.5,13.0,27.0,48.1,9.0,26.0,34.6,13.0,20.0,65.0,22.0,10.0,32.0,14.0,11.0,19.0,2.0,1.0,18.0,22.0,71.0,KK Pelister-Bitola,/match/37/23/2/Boxscore/q1/1/home/pelister-bitola-siroki-tt-kabeli/,81,2023/2024
322,7,Ced Jr.-Pelister,L,74.0,38.2,22.0,43.0,51.2,7.0,33.0,21.2,9.0,14.0,64.3,21.0,17.0,38.0,19.0,9.0,15.0,0.0,5.0,20.0,22.0,70.0,KK Pelister-Bitola,/match/49/23/2/Boxscore/q1/1/home/cedevita-junior-pelister-bitola/,81,2023/2024
323,8,Šibenka-Pelister,W,85.0,37.7,19.0,39.0,48.7,7.0,30.0,23.3,26.0,28.0,92.9,30.0,10.0,40.0,16.0,10.0,16.0,3.0,2.0,21.0,23.0,93.0,KK Pelister-Bitola,/match/50/23/2/Boxscore/q1/1/home/sibenka-pelister-bitola/,81,2023/2024
324,9,Pelister-Helios,W,83.0,47.0,21.0,39.0,53.8,10.0,27.0,37.0,11.0,15.0,73.3,18.0,10.0,28.0,20.0,5.0,9.0,3.0,4.0,20.0,19.0,86.0,KK Pelister-Bitola,/match/63/23/2/Boxscore/q1/1/home/pelister-bitola-kansai-helios-domzale/,81,2023/2024
325,10,Sutjeska-Pelister,L,78.0,46.7,17.0,34.0,50.0,11.0,26.0,42.3,11.0,15.0,73.3,22.0,4.0,26.0,19.0,8.0,7.0,1.0,3.0,24.0,19.0,81.0,KK Pelister-Bitola,/match/65/23/2/Boxscore/q1/1/home/sutjeska-elektroprivreda-pelister-bitola/,81,2023/2024
326,11,Pelister-Borac BL,W,73.0,39.7,20.0,41.0,48.8,7.0,27.0,25.9,12.0,17.0,70.6,27.0,9.0,36.0,21.0,8.0,6.0,1.0,3.0,18.0,24.0,90.0,KK Pelister-Bitola,/match/76/23/2/Boxscore/q1/1/home/pelister-bitola-borac-wwin/,81,2023/2024
327,12,Podgorica-Pelister,L,81.0,46.7,18.0,27.0,66.7,10.0,33.0,30.3,15.0,20.0,75.0,22.0,6.0,28.0,22.0,6.0,12.0,3.0,4.0,22.0,16.0,81.0,KK Pelister-Bitola,/match/80/23/2/Boxscore/q1/1/home/podgorica-bemax-pelister-bitola/,81,2023/2024
328,13,Pelister-Spartak,L,81.0,48.4,25.0,44.0,56.8,6.0,20.0,30.0,13.0,20.0,65.0,27.0,9.0,36.0,14.0,9.0,10.0,3.0,5.0,24.0,22.0,86.0,KK Pelister-Bitola,/match/89/23/2/Boxscore/q1/1/home/pelister-bitola-spartak-office-shoes/,81,2023/2024
329,1,Vojvodina-Široki,L,71.0,41.5,20.0,37.0,54.1,7.0,28.0,25.0,10.0,11.0,90.9,23.0,9.0,32.0,11.0,5.0,13.0,1.0,0.0,25.0,18.0,61.0,KK Vojvodina mts,/match/6/23/2/Boxscore/q1/1/home/vojvodina-mts-siroki-tt-kabeli/,82,2023/2024
330,2,Ced Jr.-Vojvodina,W,86.0,41.7,14.0,30.0,46.7,11.0,30.0,36.7,25.0,31.0,80.6,23.0,14.0,37.0,21.0,9.0,14.0,6.0,2.0,20.0,26.0,108.0,KK Vojvodina mts,/match/10/23/2/Boxscore/q1/1/home/cedevita-junior-vojvodina-mts/,82,2023/2024
331,3,Vojvodina-Pelister,W,74.0,43.3,23.0,36.0,63.9,6.0,31.0,19.4,10.0,15.0,66.7,23.0,15.0,38.0,12.0,8.0,17.0,1.0,1.0,29.0,22.0,65.0,KK Vojvodina mts,/match/19/23/2/Boxscore/q1/1/home/vojvodina-mts-pelister-bitola/,82,2023/2024
332,4,Helios-Vojvodina,W,89.0,42.1,27.0,45.0,60.0,5.0,31.0,16.1,20.0,30.0,66.7,29.0,15.0,44.0,14.0,7.0,5.0,0.0,2.0,26.0,27.0,94.0,KK Vojvodina mts,/match/25/23/2/Boxscore/q1/1/home/kansai-helios-domzale-vojvodina-mts/,82,2023/2024
333,5,Vojvodina-Sutjeska,W,79.0,49.2,22.0,30.0,73.3,7.0,29.0,24.1,14.0,21.0,66.7,28.0,9.0,37.0,18.0,7.0,17.0,3.0,2.0,23.0,25.0,90.0,KK Vojvodina mts,/match/32/23/2/Boxscore/q1/1/home/vojvodina-mts-sutjeska-elektroprivreda/,82,2023/2024
334,6,Borac BL-Vojvodina,W,70.0,46.6,23.0,38.0,60.5,4.0,20.0,20.0,12.0,14.0,85.7,30.0,8.0,38.0,15.0,6.0,14.0,2.0,1.0,18.0,23.0,88.0,KK Vojvodina mts,/match/40/23/2/Boxscore/q1/1/home/borac-wwin-vojvodina-mts/,82,2023/2024
335,7,Vojvodina-Podgorica,L,71.0,41.9,17.0,31.0,54.8,9.0,31.0,29.0,10.0,18.0,55.6,26.0,6.0,32.0,18.0,6.0,11.0,5.0,5.0,21.0,21.0,72.0,KK Vojvodina mts,/match/45/23/2/Boxscore/q1/1/home/vojvodina-mts-podgorica-bemax/,82,2023/2024
336,8,Spartak-Vojvodina,W,79.0,35.9,14.0,34.0,41.2,9.0,30.0,30.0,24.0,31.0,77.4,16.0,16.0,32.0,13.0,15.0,14.0,5.0,4.0,24.0,27.0,81.0,KK Vojvodina mts,/match/55/23/2/Boxscore/q1/1/home/spartak-office-shoes-vojvodina-mts/,82,2023/2024
337,9,Vojvodina-GGD Šenčur,W,92.0,60.3,29.0,41.0,70.7,6.0,17.0,35.3,16.0,23.0,69.6,21.0,6.0,27.0,27.0,10.0,11.0,5.0,0.0,17.0,22.0,125.0,KK Vojvodina mts,/match/58/23/2/Boxscore/q1/1/home/vojvodina-mts-ggd-sencur/,82,2023/2024
338,10,MZT Skopje-Vojvodina,L,84.0,40.6,21.0,43.0,48.8,7.0,26.0,26.9,21.0,25.0,84.0,24.0,19.0,43.0,11.0,2.0,10.0,2.0,4.0,22.0,24.0,85.0,KK Vojvodina mts,/match/70/23/2/Boxscore/q1/1/home/mzt-skopje-aerodrom-vojvodina-mts/,82,2023/2024
339,11,Vojvodina-Šibenka,W,81.0,35.2,17.0,41.0,41.5,8.0,30.0,26.7,23.0,27.0,85.2,29.0,15.0,44.0,20.0,9.0,8.0,0.0,3.0,18.0,24.0,99.0,KK Vojvodina mts,/match/71/23/2/Boxscore/q1/1/home/vojvodina-mts-sibenka/,82,2023/2024
340,12,Vojvodina-TFT,W,72.0,40.6,20.0,42.0,47.6,6.0,22.0,27.3,14.0,20.0,70.0,32.0,14.0,46.0,22.0,10.0,14.0,1.0,3.0,22.0,23.0,91.0,KK Vojvodina mts,/match/84/23/2/Boxscore/q1/1/home/vojvodina-mts-tft-mozzart-skopje/,82,2023/2024
341,13,Zlatibor-Vojvodina,W,83.0,41.5,15.0,35.0,42.9,12.0,30.0,40.0,17.0,23.0,73.9,21.0,12.0,33.0,17.0,3.0,5.0,2.0,1.0,23.0,18.0,83.0,KK Vojvodina mts,/match/86/23/2/Boxscore/q1/1/home/zlatibor-mozzart-vojvodina-mts/,82,2023/2024
342,14,Sutjeska-Vojvodina,W,89.0,48.4,24.0,41.0,58.5,7.0,23.0,30.4,20.0,27.0,74.1,27.0,10.0,37.0,17.0,5.0,8.0,1.0,1.0,25.0,22.0,97.0,KK Vojvodina mts,/match/93/23/2/Boxscore/q1/1/home/sutjeska-elektroprivreda-vojvodina-mts/,82,2023/2024
343,15,Vojvodina-Sutjeska,W,81.0,46.0,19.0,35.0,54.3,10.0,28.0,35.7,13.0,18.0,72.2,30.0,6.0,36.0,17.0,9.0,9.0,3.0,5.0,21.0,21.0,93.0,KK Vojvodina mts,/match/97/23/2/Boxscore/q1/1/home/vojvodina-mts-sutjeska-elektroprivreda/,82,2023/2024
344,16,Podgorica-Vojvodina,L,80.0,45.6,22.0,35.0,62.9,9.0,33.0,27.3,9.0,17.0,52.9,19.0,7.0,26.0,13.0,6.0,5.0,0.0,2.0,21.0,24.0,76.0,KK Vojvodina mts,/match/101/23/2/Boxscore/q1/1/home/podgorica-bemax-vojvodina-mts/,82,2023/2024
345,17,Vojvodina-Podgorica,W,97.0,52.4,21.0,33.0,63.6,12.0,30.0,40.0,19.0,30.0,63.3,28.0,11.0,39.0,25.0,11.0,11.0,5.0,1.0,24.0,24.0,124.0,KK Vojvodina mts,/match/103/23/2/Boxscore/q1/1/home/vojvodina-mts-podgorica-bemax/,82,2023/2024
346,18,Vojvodina-Spartak,L,73.0,35.9,13.0,35.0,37.1,10.0,29.0,34.5,17.0,24.0,70.8,20.0,7.0,27.0,10.0,10.0,11.0,3.0,5.0,19.0,24.0,64.0,KK Vojvodina mts,/match/104/23/2/Boxscore/q1/1/home/vojvodina-mts-spartak-office-shoes/,82,2023/2024
347,19,Spartak-Vojvodina,L,74.0,40.4,15.0,26.0,57.7,8.0,31.0,25.8,20.0,31.0,64.5,19.0,7.0,26.0,14.0,8.0,14.0,1.0,1.0,35.0,29.0,57.0,KK Vojvodina mts,/match/105/23/2/Boxscore/q1/1/home/spartak-office-shoes-vojvodina-mts/,82,2023/2024
348,1,TFT-Zlatibor,L,74.0,49.2,25.0,41.0,61.0,6.0,22.0,27.3,6.0,11.0,54.5,21.0,8.0,29.0,16.0,8.0,14.0,4.0,5.0,25.0,19.0,69.0,KK TFT Mozzart Skopje,/match/7/23/2/Boxscore/q1/1/home/tft-mozzart-skopje-zlatibor-mozzart/,87,2023/2024
349,2,Široki-TFT,L,66.0,46.4,20.0,34.0,58.8,6.0,22.0,27.3,8.0,9.0,88.9,16.0,7.0,23.0,17.0,3.0,12.0,1.0,0.0,18.0,15.0,64.0,KK TFT Mozzart Skopje,/match/9/23/2/Boxscore/q1/1/home/siroki-tt-kabeli-tft-mozzart-skopje/,87,2023/2024
350,3,TFT-Ced Jr.,W,78.0,45.5,23.0,40.0,57.5,7.0,26.0,26.9,11.0,15.0,73.3,22.0,9.0,31.0,14.0,10.0,10.0,3.0,4.0,21.0,21.0,82.0,KK TFT Mozzart Skopje,/match/20/23/2/Boxscore/q1/1/home/tft-mozzart-skopje-cedevita-junior/,87,2023/2024
351,4,Pelister-TFT,L,79.0,45.5,20.0,40.0,50.0,10.0,26.0,38.5,9.0,17.0,52.9,24.0,9.0,33.0,13.0,5.0,12.0,3.0,2.0,28.0,22.0,69.0,KK TFT Mozzart Skopje,/match/24/23/2/Boxscore/q1/1/home/pelister-bitola-tft-mozzart-skopje/,87,2023/2024
352,5,TFT-Helios,L,63.0,39.7,18.0,38.0,47.4,7.0,25.0,28.0,6.0,9.0,66.7,21.0,7.0,28.0,10.0,3.0,12.0,3.0,5.0,24.0,15.0,40.0,KK TFT Mozzart Skopje,/match/33/23/2/Boxscore/q1/1/home/tft-mozzart-skopje-kansai-helios-domzale/,87,2023/2024
353,6,Sutjeska-TFT,L,60.0,34.9,13.0,26.0,50.0,9.0,37.0,24.3,7.0,19.0,36.8,24.0,12.0,36.0,14.0,8.0,15.0,2.0,5.0,25.0,17.0,39.0,KK TFT Mozzart Skopje,/match/39/23/2/Boxscore/q1/1/home/sutjeska-elektroprivreda-tft-mozzart-skopje/,87,2023/2024
354,7,TFT-Borac BL,L,65.0,45.1,16.0,30.0,53.3,7.0,21.0,33.3,12.0,19.0,63.2,20.0,5.0,25.0,17.0,8.0,14.0,1.0,0.0,24.0,20.0,63.0,KK TFT Mozzart Skopje,/match/46/23/2/Boxscore/q1/1/home/tft-mozzart-skopje-borac-wwin/,87,2023/2024
355,8,Podgorica-TFT,L,83.0,53.6,20.0,32.0,62.5,10.0,24.0,41.7,13.0,22.0,59.1,24.0,3.0,27.0,15.0,5.0,14.0,2.0,1.0,26.0,20.0,76.0,KK TFT Mozzart Skopje,/match/54/23/2/Boxscore/q1/1/home/podgorica-bemax-tft-mozzart-skopje/,87,2023/2024
356,9,TFT-Spartak,L,64.0,40.6,18.0,40.0,45.0,8.0,24.0,33.3,4.0,7.0,57.1,18.0,4.0,22.0,15.0,3.0,12.0,1.0,8.0,22.0,14.0,36.0,KK TFT Mozzart Skopje,/match/59/23/2/Boxscore/q1/1/home/tft-mozzart-skopje-spartak-office-shoes/,87,2023/2024
357,10,GGD Šenčur-TFT,W,85.0,50.0,19.0,32.0,59.4,10.0,26.0,38.5,17.0,21.0,81.0,27.0,9.0,36.0,15.0,6.0,20.0,4.0,1.0,24.0,24.0,92.0,KK TFT Mozzart Skopje,/match/69/23/2/Boxscore/q1/1/home/ggd-sencur-tft-mozzart-skopje/,87,2023/2024
358,11,TFT-MZT Skopje,L,69.0,43.1,15.0,29.0,51.7,10.0,29.0,34.5,9.0,16.0,56.3,16.0,7.0,23.0,16.0,7.0,12.0,3.0,2.0,25.0,20.0,59.0,KK TFT Mozzart Skopje,/match/72/23/2/Boxscore/q1/1/home/tft-mozzart-skopje-mzt-skopje-aerodrom/,87,2023/2024
359,12,Vojvodina-TFT,L,50.0,32.7,14.0,27.0,51.9,4.0,28.0,14.3,10.0,13.0,76.9,23.0,3.0,26.0,14.0,6.0,14.0,3.0,1.0,23.0,22.0,43.0,KK TFT Mozzart Skopje,/match/84/23/2/Boxscore/q1/1/home/vojvodina-mts-tft-mozzart-skopje/,87,2023/2024
360,13,TFT-Šibenka,L,76.0,43.3,16.0,29.0,55.2,10.0,31.0,32.3,14.0,23.0,60.9,23.0,10.0,33.0,20.0,7.0,10.0,3.0,2.0,28.0,20.0,76.0,KK TFT Mozzart Skopje,/match/85/23/2/Boxscore/q1/1/home/tft-mozzart-skopje-sibenka/,87,2023/2024
361,1,GGD Šenčur-Pelister,L,78.0,38.4,20.0,43.0,46.5,8.0,30.0,26.7,14.0,19.0,73.7,24.0,17.0,41.0,19.0,4.0,11.0,0.0,3.0,22.0,21.0,77.0,KK Gorenjska gradbena družba Šenčur,/match/4/23/2/Boxscore/q1/1/home/ggd-sencur-pelister-bitola/,88,2023/2024
362,2,Helios-GGD Šenčur,W,76.0,42.2,17.0,35.0,48.6,10.0,29.0,34.5,12.0,17.0,70.6,24.0,15.0,39.0,18.0,6.0,13.0,1.0,0.0,26.0,19.0,78.0,KK Gorenjska gradbena družba Šenčur,/match/12/23/2/Boxscore/q1/1/home/kansai-helios-domzale-ggd-sencur/,88,2023/2024
363,3,GGD Šenčur-Sutjeska,L,74.0,44.3,28.0,47.0,59.6,3.0,23.0,13.0,9.0,11.0,81.8,27.0,9.0,36.0,8.0,7.0,13.0,0.0,2.0,27.0,22.0,64.0,KK Gorenjska gradbena družba Šenčur,/match/17/23/2/Boxscore/q1/1/home/ggd-sencur-sutjeska-elektroprivreda/,88,2023/2024
364,4,Borac BL-GGD Šenčur,L,56.0,32.8,15.0,33.0,45.5,7.0,34.0,20.6,5.0,12.0,41.7,16.0,14.0,30.0,8.0,11.0,12.0,2.0,3.0,24.0,17.0,33.0,KK Gorenjska gradbena družba Šenčur,/match/27/23/2/Boxscore/q1/1/home/borac-wwin-ggd-sencur/,88,2023/2024
365,5,GGD Šenčur-Podgorica,W,71.0,42.4,22.0,37.0,59.5,6.0,29.0,20.7,9.0,15.0,60.0,23.0,7.0,30.0,15.0,7.0,11.0,3.0,2.0,24.0,17.0,62.0,KK Gorenjska gradbena družba Šenčur,/match/30/23/2/Boxscore/q1/1/home/ggd-sencur-podgorica-bemax/,88,2023/2024
366,6,Spartak-GGD Šenčur,L,76.0,45.9,21.0,39.0,53.8,7.0,22.0,31.8,13.0,17.0,76.5,18.0,7.0,25.0,19.0,5.0,15.0,1.0,4.0,29.0,19.0,60.0,KK Gorenjska gradbena družba Šenčur,/match/42/23/2/Boxscore/q1/1/home/spartak-office-shoes-ggd-sencur/,88,2023/2024
367,7,GGD Šenčur-Šibenka,W,78.0,45.9,24.0,40.0,60.0,4.0,21.0,19.0,18.0,25.0,72.0,28.0,8.0,36.0,18.0,12.0,8.0,5.0,2.0,18.0,23.0,104.0,KK Gorenjska gradbena družba Šenčur,/match/43/23/2/Boxscore/q1/1/home/ggd-sencur-sibenka/,88,2023/2024
368,8,GGD Šenčur-MZT Skopje,L,73.0,43.8,18.0,42.0,42.9,10.0,22.0,45.5,7.0,14.0,50.0,22.0,9.0,31.0,16.0,10.0,15.0,4.0,7.0,20.0,20.0,69.0,KK Gorenjska gradbena družba Šenčur,/match/56/23/2/Boxscore/q1/1/home/ggd-sencur-mzt-skopje-aerodrom/,88,2023/2024
369,9,Vojvodina-GGD Šenčur,L,73.0,46.9,21.0,36.0,58.3,9.0,28.0,32.1,4.0,4.0,100.0,15.0,9.0,24.0,13.0,4.0,16.0,0.0,5.0,22.0,17.0,54.0,KK Gorenjska gradbena družba Šenčur,/match/58/23/2/Boxscore/q1/1/home/vojvodina-mts-ggd-sencur/,88,2023/2024
370,10,GGD Šenčur-TFT,L,77.0,46.4,26.0,45.0,57.8,6.0,24.0,25.0,7.0,18.0,38.9,20.0,11.0,31.0,22.0,8.0,12.0,1.0,4.0,24.0,24.0,75.0,KK Gorenjska gradbena družba Šenčur,/match/69/23/2/Boxscore/q1/1/home/ggd-sencur-tft-mozzart-skopje/,88,2023/2024
371,11,Zlatibor-GGD Šenčur,L,75.0,40.8,24.0,43.0,55.8,5.0,28.0,17.9,12.0,17.0,70.6,15.0,13.0,28.0,16.0,13.0,11.0,0.0,2.0,26.0,16.0,62.0,KK Gorenjska gradbena družba Šenčur,/match/73/23/2/Boxscore/q1/1/home/zlatibor-mozzart-ggd-sencur/,88,2023/2024
372,12,GGD Šenčur-Široki,L,76.0,44.6,20.0,38.0,52.6,9.0,27.0,33.3,9.0,14.0,64.3,23.0,9.0,32.0,17.0,11.0,15.0,2.0,0.0,25.0,22.0,79.0,KK Gorenjska gradbena družba Šenčur,/match/82/23/2/Boxscore/q1/1/home/ggd-sencur-siroki-tt-kabeli/,88,2023/2024
373,13,Ced Jr.-GGD Šenčur,W,81.0,49.2,29.0,40.0,72.5,3.0,25.0,12.0,14.0,20.0,70.0,15.0,12.0,27.0,24.0,8.0,12.0,4.0,6.0,22.0,21.0,86.0,KK Gorenjska gradbena družba Šenčur,/match/88/23/2/Boxscore/q1/1/home/cedevita-junior-ggd-sencur/,88,2023/2024
374,1,MZT Skopje-Ced Jr.,W,92.0,51.7,19.0,27.0,70.4,12.0,33.0,36.4,18.0,20.0,90.0,28.0,8.0,36.0,19.0,9.0,19.0,1.0,0.0,22.0,21.0,106.0,KK Cedevita Junior,/match/5/23/2/Boxscore/q1/1/home/mzt-skopje-aerodrom-cedevita-junior/,90,2023/2024
375,2,Ced Jr.-Vojvodina,L,71.0,38.6,17.0,39.0,43.6,10.0,31.0,32.3,7.0,10.0,70.0,18.0,15.0,33.0,15.0,7.0,13.0,2.0,6.0,27.0,20.0,56.0,KK Cedevita Junior,/match/10/23/2/Boxscore/q1/1/home/cedevita-junior-vojvodina-mts/,90,2023/2024
376,3,TFT-Ced Jr.,L,68.0,40.7,16.0,34.0,47.1,6.0,20.0,30.0,18.0,22.0,81.8,24.0,6.0,30.0,14.0,2.0,17.0,4.0,3.0,21.0,21.0,62.0,KK Cedevita Junior,/match/20/23/2/Boxscore/q1/1/home/tft-mozzart-skopje-cedevita-junior/,90,2023/2024
377,4,Ced Jr.-Zlatibor,W,88.0,44.4,21.0,42.0,50.0,11.0,30.0,36.7,13.0,16.0,81.3,19.0,10.0,29.0,16.0,4.0,7.0,3.0,3.0,28.0,17.0,76.0,KK Cedevita Junior,/match/23/23/2/Boxscore/q1/1/home/cedevita-junior-zlatibor-mozzart/,90,2023/2024
378,5,Široki-Ced Jr.,L,65.0,43.9,18.0,37.0,48.6,7.0,20.0,35.0,8.0,13.0,61.5,27.0,6.0,33.0,19.0,2.0,13.0,4.0,0.0,23.0,21.0,71.0,KK Cedevita Junior,/match/35/23/2/Boxscore/q1/1/home/siroki-tt-kabeli-cedevita-junior/,90,2023/2024
379,6,Šibenka-Ced Jr.,L,69.0,37.7,13.0,38.0,34.2,10.0,23.0,43.5,13.0,15.0,86.7,22.0,7.0,29.0,20.0,2.0,9.0,4.0,5.0,16.0,16.0,70.0,KK Cedevita Junior,/match/36/23/2/Boxscore/q1/1/home/sibenka-cedevita-junior/,90,2023/2024
380,7,Ced Jr.-Pelister,W,78.0,54.4,26.0,36.0,72.2,5.0,21.0,23.8,11.0,14.0,78.6,26.0,6.0,32.0,24.0,8.0,21.0,5.0,0.0,22.0,20.0,95.0,KK Cedevita Junior,/match/49/23/2/Boxscore/q1/1/home/cedevita-junior-pelister-bitola/,90,2023/2024
381,8,Helios-Ced Jr.,L,68.0,57.4,25.0,35.0,71.4,2.0,12.0,16.7,12.0,17.0,70.6,22.0,1.0,23.0,19.0,8.0,24.0,3.0,3.0,19.0,17.0,67.0,KK Cedevita Junior,/match/51/23/2/Boxscore/q1/1/home/kansai-helios-domzale-cedevita-junior/,90,2023/2024
382,9,Ced Jr.-Sutjeska,W,80.0,51.8,23.0,33.0,69.7,6.0,23.0,26.1,16.0,24.0,66.7,23.0,6.0,29.0,18.0,8.0,17.0,2.0,2.0,26.0,23.0,80.0,KK Cedevita Junior,/match/62/23/2/Boxscore/q1/1/home/cedevita-junior-sutjeska-elektroprivreda/,90,2023/2024
383,10,Borac BL-Ced Jr.,L,71.0,44.1,19.0,35.0,54.3,7.0,24.0,29.2,12.0,18.0,66.7,21.0,6.0,27.0,21.0,8.0,16.0,3.0,3.0,18.0,23.0,77.0,KK Cedevita Junior,/match/66/23/2/Boxscore/q1/1/home/borac-wwin-cedevita-junior/,90,2023/2024
384,11,Ced Jr.-Podgorica,L,79.0,42.4,21.0,39.0,53.8,7.0,27.0,25.9,16.0,21.0,76.2,20.0,12.0,32.0,27.0,4.0,8.0,3.0,1.0,23.0,20.0,90.0,KK Cedevita Junior,/match/75/23/2/Boxscore/q1/1/home/cedevita-junior-podgorica-bemax/,90,2023/2024
385,12,Spartak-Ced Jr.,L,80.0,49.3,25.0,45.0,55.6,8.0,22.0,36.4,6.0,12.0,50.0,23.0,5.0,28.0,24.0,5.0,11.0,7.0,6.0,28.0,17.0,76.0,KK Cedevita Junior,/match/81/23/2/Boxscore/q1/1/home/spartak-office-shoes-cedevita-junior/,90,2023/2024
386,13,Ced Jr.-GGD Šenčur,L,76.0,50.0,19.0,32.0,59.4,9.0,24.0,37.5,11.0,16.0,68.8,16.0,13.0,29.0,20.0,5.0,21.0,6.0,4.0,21.0,22.0,79.0,KK Cedevita Junior,/match/88/23/2/Boxscore/q1/1/home/cedevita-junior-ggd-sencur/,90,2023/2024
387,1,Spartak-Helios,W,80.0,46.6,20.0,34.0,58.8,7.0,24.0,29.2,19.0,24.0,79.2,24.0,14.0,38.0,14.0,4.0,15.0,9.0,3.0,17.0,23.0,97.0,KK Spartak Office Shoes,/match/3/23/2/Boxscore/q1/1/home/spartak-office-shoes-kansai-helios-domzale/,91,2023/2024
388,2,Sutjeska-Spartak,W,89.0,49.3,25.0,38.0,65.8,9.0,31.0,29.0,12.0,23.0,52.2,23.0,9.0,32.0,17.0,6.0,8.0,5.0,1.0,21.0,25.0,98.0,KK Spartak Office Shoes,/match/13/23/2/Boxscore/q1/1/home/sutjeska-elektroprivreda-spartak-office-shoes/,91,2023/2024
389,3,Spartak-Borac BL,W,79.0,56.8,16.0,24.0,66.7,9.0,20.0,45.0,20.0,27.0,74.1,23.0,5.0,28.0,18.0,7.0,13.0,6.0,0.0,27.0,26.0,98.0,KK Spartak Office Shoes,/match/16/23/2/Boxscore/q1/1/home/spartak-office-shoes-borac-wwin/,91,2023/2024
390,4,Podgorica-Spartak,L,67.0,33.3,13.0,31.0,41.9,6.0,26.0,23.1,23.0,30.0,76.7,20.0,15.0,35.0,16.0,3.0,9.0,0.0,2.0,19.0,25.0,71.0,KK Spartak Office Shoes,/match/28/23/2/Boxscore/q1/1/home/podgorica-bemax-spartak-office-shoes/,91,2023/2024
391,5,Spartak-Šibenka,W,77.0,37.7,12.0,33.0,36.4,11.0,28.0,39.3,20.0,25.0,80.0,20.0,13.0,33.0,18.0,10.0,12.0,1.0,4.0,20.0,24.0,84.0,KK Spartak Office Shoes,/match/29/23/2/Boxscore/q1/1/home/spartak-office-shoes-sibenka/,91,2023/2024
392,6,Spartak-GGD Šenčur,W,109.0,62.3,32.0,45.0,71.1,6.0,16.0,37.5,27.0,34.0,79.4,23.0,8.0,31.0,33.0,9.0,8.0,4.0,1.0,19.0,29.0,157.0,KK Spartak Office Shoes,/match/42/23/2/Boxscore/q1/1/home/spartak-office-shoes-ggd-sencur/,91,2023/2024
393,7,MZT Skopje-Spartak,W,86.0,49.2,19.0,34.0,55.9,10.0,25.0,40.0,18.0,23.0,78.3,27.0,7.0,34.0,20.0,2.0,10.0,2.0,3.0,20.0,23.0,99.0,KK Spartak Office Shoes,/match/44/23/2/Boxscore/q1/1/home/mzt-skopje-aerodrom-spartak-office-shoes/,91,2023/2024
394,8,Spartak-Vojvodina,L,71.0,47.1,16.0,34.0,47.1,8.0,17.0,47.1,15.0,21.0,71.4,23.0,6.0,29.0,15.0,8.0,23.0,4.0,5.0,27.0,24.0,63.0,KK Spartak Office Shoes,/match/55/23/2/Boxscore/q1/1/home/spartak-office-shoes-vojvodina-mts/,91,2023/2024
395,9,TFT-Spartak,W,93.0,51.6,29.0,47.0,61.7,4.0,17.0,23.5,23.0,27.0,85.2,31.0,13.0,44.0,23.0,6.0,11.0,8.0,1.0,14.0,22.0,135.0,KK Spartak Office Shoes,/match/59/23/2/Boxscore/q1/1/home/tft-mozzart-skopje-spartak-office-shoes/,91,2023/2024
396,10,Spartak-Zlatibor,W,102.0,55.9,28.0,46.0,60.9,10.0,22.0,45.5,16.0,22.0,72.7,18.0,9.0,27.0,19.0,8.0,11.0,5.0,0.0,23.0,22.0,113.0,KK Spartak Office Shoes,/match/68/23/2/Boxscore/q1/1/home/spartak-office-shoes-zlatibor-mozzart/,91,2023/2024
397,11,Široki-Spartak,W,95.0,55.0,15.0,24.0,62.5,18.0,36.0,50.0,11.0,15.0,73.3,27.0,10.0,37.0,25.0,3.0,18.0,5.0,2.0,23.0,19.0,110.0,KK Spartak Office Shoes,/match/74/23/2/Boxscore/q1/1/home/siroki-tt-kabeli-spartak-office-shoes/,91,2023/2024
398,12,Spartak-Ced Jr.,W,83.0,43.3,16.0,34.0,47.1,10.0,26.0,38.5,21.0,30.0,70.0,27.0,11.0,38.0,18.0,6.0,11.0,6.0,7.0,17.0,28.0,101.0,KK Spartak Office Shoes,/match/81/23/2/Boxscore/q1/1/home/spartak-office-shoes-cedevita-junior/,91,2023/2024
399,13,Pelister-Spartak,W,88.0,54.5,21.0,29.0,72.4,9.0,26.0,34.6,19.0,29.0,65.5,27.0,4.0,31.0,23.0,3.0,11.0,5.0,3.0,22.0,23.0,102.0,KK Spartak Office Shoes,/match/89/23/2/Boxscore/q1/1/home/pelister-bitola-spartak-office-shoes/,91,2023/2024
400,14,Helios-Spartak,W,84.0,49.2,23.0,42.0,54.8,8.0,21.0,38.1,14.0,21.0,66.7,26.0,11.0,37.0,17.0,5.0,16.0,5.0,1.0,21.0,24.0,95.0,KK Spartak Office Shoes,/match/92/23/2/Boxscore/q1/1/home/kansai-helios-domzale-spartak-office-shoes/,91,2023/2024
401,15,Spartak-Helios,W,79.0,47.8,26.0,46.0,56.5,6.0,21.0,28.6,9.0,15.0,60.0,23.0,14.0,37.0,17.0,7.0,16.0,7.0,2.0,19.0,18.0,87.0,KK Spartak Office Shoes,/match/96/23/2/Boxscore/q1/1/home/spartak-office-shoes-kansai-helios-domzale/,91,2023/2024
402,16,MZT Skopje-Spartak,W,78.0,44.4,20.0,41.0,48.8,8.0,22.0,36.4,14.0,21.0,66.7,33.0,13.0,46.0,21.0,4.0,16.0,2.0,3.0,18.0,20.0,92.0,KK Spartak Office Shoes,/match/100/23/2/Boxscore/q1/1/home/mzt-skopje-aerodrom-spartak-office-shoes/,91,2023/2024
403,17,Spartak-MZT Skopje,W,98.0,56.9,26.0,41.0,63.4,11.0,24.0,45.8,13.0,20.0,65.0,26.0,10.0,36.0,27.0,8.0,8.0,1.0,0.0,19.0,23.0,131.0,KK Spartak Office Shoes,/match/102/23/2/Boxscore/q1/1/home/spartak-office-shoes-mzt-skopje-aerodrom/,91,2023/2024
404,18,Vojvodina-Spartak,W,74.0,47.6,24.0,36.0,66.7,6.0,27.0,22.2,8.0,14.0,57.1,28.0,11.0,39.0,15.0,9.0,15.0,5.0,3.0,24.0,19.0,80.0,KK Spartak Office Shoes,/match/104/23/2/Boxscore/q1/1/home/vojvodina-mts-spartak-office-shoes/,91,2023/2024
405,19,Spartak-Vojvodina,W,80.0,36.4,13.0,31.0,41.9,7.0,24.0,29.2,33.0,38.0,86.8,26.0,10.0,36.0,14.0,7.0,19.0,1.0,1.0,29.0,35.0,84.0,KK Spartak Office Shoes,/match/105/23/2/Boxscore/q1/1/home/spartak-office-shoes-vojvodina-mts/,91,2023/2024
